Comcast,/Reviews/Comcast-Reviews-E1280.htm,6450
Target,/Reviews/Target-Reviews-E194.htm,24850
MetLife,/Reviews/MetLife-Reviews-E2899.htm,2350
Archer-Daniels-Midland,/Reviews/ADM-Reviews-E55.htm,1650
United-Technologies,/Reviews/United-Technologies-Reviews-E697.htm,8650
Aetna,/Reviews/Aetna-Reviews-E16.htm,2750
Lowe's,/Reviews/Lowes-Foods-Reviews-E111202.htm,1650
United-Parcel-Service,/Reviews/UPS-Reviews-E3012.htm,9850
American-International-Group,/Reviews/AIG-Reviews-E40.htm,2350
Prudential-Financial,/Reviews/Prudential-Reviews-E2944.htm,2650
Intel,/Reviews/Intel-Corporation-Reviews-E1519.htm,12850
Humana,/Reviews/Humana-Reviews-E340.htm,2350
Walt-Disney,/Reviews/Disney-Parks-and-Resorts-Reviews-E13843.htm,3050
Cisco-Systems,/Reviews/Cisco-Systems-Reviews-E1425.htm,2650
Pfizer,/Reviews/Pfizer-Reviews-E525.htm,1950
Dow-Chemical,/Reviews/Dow-Reviews-E207.htm,3750
Sysco,/Reviews/Sysco-Reviews-E634.htm,1750
FedEx,/Reviews/FedEx-Reviews-E246.htm,1650
Caterpillar,/Reviews/Caterpillar-Reviews-E137.htm,1850
New-York-Life-Insurance,/Reviews/New-York-Life-Reviews-E2915.htm,1950
Coca-Cola,/Reviews/Coca-Cola-Company-Reviews-E161.htm,14850
HCA-Holdings,/Reviews/Hospital-Corporation-of-America-Reviews-E2062.htm,2450
American-Airlines-Group,/Reviews/American-Airlines-Reviews-E8.htm,3050
Delta-Air-Lines,/Reviews/Delta-Air-Lines-Reviews-E197.htm,4250
Nationwide-Mutual-Insurance-Co,/Reviews/Nationwide-Reviews-E2913.htm,4850
Johnson-Controls,/Reviews/Johnson-Controls-Reviews-E365.htm,15850
Best-Buy-Co,/Reviews/Best-Buy-Reviews-E97.htm,5350
Merck-and-Co,/Reviews/Merck-Reviews-E438.htm,1450
Liberty-Mutual-Holding,/Reviews/Liberty-Mutual-Insurance-Reviews-E2874.htm,3350
Goldman-Sachs-Group,/Reviews/Goldman-Sachs-Reviews-E2800.htm,5050
Honeywell-International,/Reviews/Honeywell-Reviews-E28.htm,4250
Oracle,/Reviews/Oracle-Reviews-E1737.htm,2950
Morgan-Stanley,/Reviews/Morgan-Stanley-Reviews-E2282.htm,1550
CIGNA,/Reviews/Cigna-Reviews-E119.htm,3650
United-Continental-Holdings,/Reviews/Continental-Airlines-Reviews-E3550.htm,13850
Allstate,/Reviews/Allstate-Reviews-E2341.htm,1650
Teachers-Insurance-and-Annuity-Association,/Reviews/TIAA-Reviews-E2998.htm,14850
American-Express,/Reviews/American-Express-Reviews-E35.htm,4050
Publix-Super-Markets,/Reviews/Publix-Reviews-E2945.htm,9550
General-Dynamics,/Reviews/General-Dynamics-Reviews-E276.htm,4850
TJX,/Reviews/TJX-Companies-Reviews-E639.htm,4250
Nike,/Reviews/NIKE-Reviews-E1699.htm,3050
3M,/Reviews/3M-Reviews-E446.htm,2150
Exelon,/Reviews/Exelon-Reviews-E526.htm,3650
Deere-and,/Reviews/John-Deere-Reviews-E195.htm,2850
Tesoro,/Reviews/Tesoro-Corporation-Reviews-E648.htm,5950
Time-Warner,/Reviews/Time-Warner-Reviews-E12777.htm,1850
Northwestern-Mutual-Life-Insurance,/Reviews/Northwestern-Mutual-Reviews-E2919.htm,1650
EI-du-Pont-de-Nemours-and,/Reviews/DuPont-Reviews-E215.htm,2250
Macy's,/Reviews/Macy-s-Reviews-E1079.htm,5650
Enterprise-Products-Partners,/Reviews/Enterprise-Products-Reviews-E8329.htm,2350
Travelers,/Reviews/Travelers-Reviews-E1904.htm,3150
Tech-Data,/Reviews/Tech-Data-Reviews-E1944.htm,2350
McDonald's,/Reviews/McDonald-s-Reviews-E432.htm,3950
Qualcomm-Incorporated,/Reviews/Qualcomm-Reviews-E640.htm,3150
Sears-Holdings,/Reviews/Sears-Reviews-E37984.htm,2250
Capital-One-Financial,/Reviews/Capital-One-Reviews-E3736.htm,3450
EMC,/Reviews/EMC-Reviews-E219.htm,1950
Duke-Energy,/Reviews/Duke-Energy-Reviews-E211.htm,4550
Time-Warner-Cable,/Reviews/Time-Warner-Cable-Reviews-E13229.htm,3250
Halliburton,/Reviews/Halliburton-Reviews-E307.htm,8350
Northrop-Grumman,/Reviews/Northrop-Grumman-Reviews-E488.htm,1750
Raytheon,/Reviews/Raytheon-Reviews-E561.htm,2150
Community-Health-Systems,/Reviews/Community-Health-Systems-Reviews-E1548.htm,5650
Alcoa,/Reviews/Alcoa-Reviews-E29.htm,6050
International-Paper,/Reviews/International-Paper-Reviews-E356.htm,1850
Union-Pacific,/Reviews/Union-Pacific-Reviews-E691.htm,2350
Staples,/Reviews/Staples-Reviews-E1909.htm,5350
Whirlpool,/Reviews/Whirlpool-Corporation-Reviews-E732.htm,1650
Aflac-Incorporated,/Reviews/Aflac-Reviews-E1302.htm,1450
Progressive,/Reviews/Progressive-Insurance-Reviews-E546.htm,2350
Abbott-Laboratories,/Reviews/Abbott-Labs-Reviews-E12.htm,2650
Eli-Lilly-and,/Reviews/Eli-Lilly-Reviews-E223.htm,1950
Southwest-Airlines-Co,/Reviews/Southwest-Airlines-Reviews-E611.htm,3150
ManpowerGroup,/Reviews/ManpowerGroup-Reviews-E582741.htm,3550
PACCAR-Inc,/Reviews/PACCAR-Reviews-E1744.htm,1850
Cummins,/Reviews/Cummins-Reviews-E187.htm,2150
Altria-Group,/Reviews/Altria-Reviews-E528.htm,2150
Xerox,/Reviews/Xerox-Reviews-E747.htm,1850
Hartford-Financial-Services-Group,/Reviews/The-Hartford-Reviews-E4314.htm,2750
Kraft-Heinz,/Reviews/Kraft-Heinz-Company-Reviews-E1026712.htm,3050
Lear,/Reviews/Lear-Corporation-Reviews-E2635.htm,1750
Fluor,/Reviews/Fluor-Reviews-E262.htm,2050
AECOM,/Reviews/AECOM-Reviews-E5632.htm,1650
Jabil-Circuit,/Reviews/Jabil-Reviews-E2330.htm,1950
CenturyLink,/Reviews/CenturyLink-Reviews-E248324.htm,2750
Supervalu,/Reviews/SUPERVALU-Reviews-E632.htm,1650
NextEra-Energy,/Reviews/NextEra-Energy-Inc-Reviews-E221824.htm,2250
American-Electric-Power,/Reviews/AEP-Reviews-E34.htm,3050
Goodyear-Tire-and-Rubber,/Reviews/Goodyear-Reviews-E292.htm,2650
Nucor,/Reviews/Nucor-Reviews-E489.htm,3450
Health-Net,/Reviews/Health-Net-Reviews-E1233.htm,3350
Freeport-McMoRan,/Reviews/Freeport-McMoRan-Copper-and-Gold-Reviews-E266.htm,1950
Gap,/Reviews/Gap-Reviews-E114118.htm,1750
Bank-of-New-York-Mellon,/Reviews/BNY-Mellon-Reviews-E78.htm,1850
Dollar-Tree,/Reviews/Dollar-Tree-Reviews-E4033.htm,1650
PPG-Industries,/Reviews/PPG-Reviews-E508.htm,2850
Omnicom-Group,/Reviews/Omnicom-Media-Group-Reviews-E544568.htm,1750
DISH-Network,/Reviews/DISH-Reviews-E4501.htm,1650
Monsanto,/Reviews/Monsanto-Company-Reviews-E11986.htm,4350
CarMax,/Reviews/CarMax-Reviews-E6561.htm,1950
Marriott-International,/Reviews/Marriott-International-Reviews-E7790.htm,1750
Office-Depot,/Reviews/Office-Depot-Reviews-E1723.htm,1650
Nordstrom,/Reviews/Nordstrom-Reviews-E1704.htm,3850
DaVita-HealthCare-Partners,/Reviews/DaVita-Medical-Group-Reviews-E996114.htm,2350
WellCare-Health-Plans,/Reviews/WellCare-Reviews-E34976.htm,1950
CBS,/Reviews/CBS-Reviews-E117.htm,1550
Visa,/Reviews/Visa-Inc-Reviews-E3035.htm,1900
Lincoln-National,/Reviews/Lincoln-Financial-Group-Reviews-E403.htm,612
Ecolab,/Reviews/Ecolab-Reviews-E222.htm,900
Kellogg,/Reviews/Kellogg-Company-Reviews-E377.htm,1300
C-H-Robinson-Worldwide,/Reviews/C-H-Robinson-Reviews-E7124.htm,900
Textron,/Reviews/Textron-Reviews-E654.htm,303
Loews,/Reviews/Loews-Hotels-Reviews-E13438.htm,264
Synnex,/Reviews/SYNNEX-Reviews-E12131.htm,189
Viacom,/Reviews/Viacom-Reviews-E40260.htm,844
Yum!-Brands,/Reviews/Yum-Reviews-E6995.htm,268
CDW,/Reviews/CDW-Reviews-E2347.htm,1500
Waste-Management,/Reviews/Waste-Management-Reviews-E2094.htm,1000
Marsh-and-McLennan,/Reviews/Marsh-and-McLennan-Companies-Reviews-E426.htm,580
Parker-Hannifin,/Reviews/Parker-Hannifin-Reviews-E517.htm,957
Guardian-Life-Ins-Co-of-America,/Reviews/Guardian-Life-Reviews-E2810.htm,463
Farmers-Insurance-Exchange,/Reviews/Farmers-Insurance-Group-Reviews-E3955.htm,2300
JC-Penney,/Reviews/J-C-Penney-Reviews-E361.htm,5800
Consolidated-Edison,/Reviews/Con-Edison-of-New-York-Reviews-E16462.htm,357
VF,/Reviews/VF-Reviews-E703.htm,287
Ameriprise-Financial,/Reviews/Ameriprise-Reviews-E15316.htm,1300
Computer-Sciences,/Reviews/CSC-Reviews-E169.htm,6200
Jacobs-Engineering-Group,/Reviews/Jacobs-Reviews-E913.htm,2000
Bed-Bath-and-Beyond,/Reviews/Bed-Bath-and-Beyond-Reviews-E1961.htm,2500
CSX,/Reviews/CSX-Reviews-E124.htm,600
Dominion-Resources,/Reviews/Dominion-Resources-Reviews-E204.htm,233
United-States-Steel,/Reviews/United-States-Steel-Reviews-E1251.htm,612
L-3-Communications-Holdings,/Reviews/L3-Technologies-Reviews-E10080.htm,1500
Entergy,/Reviews/Entergy-Reviews-E231.htm,143
Automatic-Data-Processing,/Reviews/ADP-Reviews-E64.htm,5500
First-Data,/Reviews/First-Data-Reviews-E1787.htm,1800
BlackRock,/Reviews/BlackRock-Reviews-E9331.htm,1600
WestRock,/Reviews/WestRock-Reviews-E1033056.htm,341
Sherwin-Williams,/Reviews/Sherwin-Williams-Reviews-E599.htm,2500
Hilton-Worldwide-Holdings,/Reviews/Hilton-Reviews-E330.htm,2800
RR-Donnelley-and-Sons,/Reviews/R-R-Donnelley-Reviews-E554.htm,1400
Xcel-Energy,/Reviews/Xcel-Energy-Reviews-E487.htm,329
CBRE-Group,/Reviews/CBRE-Reviews-E465818.htm,2100
DR-Horton,/Reviews/D-R-Horton-Reviews-E2195.htm,224
Biogen,/Reviews/Biogen-Reviews-E1336.htm,743
State-Street,/Reviews/State-Street-Reviews-E1911.htm,3300
Unum-Group,/Reviews/Unum-Reviews-E9522.htm,468
Henry-Schein,/Reviews/Henry-Schein-Reviews-E5319.htm,391
Hertz-Global-Holdings,/Reviews/Hertz-Reviews-E4071.htm,3700
Public-Service-Enterprise-Group-Incorporated,/Reviews/PSEG-Reviews-E16719.htm,300
BBandT,/Reviews/BB-and-T-Reviews-E1893.htm,1300
DTE-Energy,/Reviews/DTE-Energy-Reviews-E199.htm,325
Assurant,/Reviews/Assurant-Reviews-E13793.htm,1000
Huntsman,/Reviews/Huntsman-Corp-Reviews-E37877.htm,207
Becton-Dickinson-and,/Reviews/BD-Reviews-E88.htm,1000
AutoZone,/Reviews/AutoZone-Reviews-E610.htm,2000
Navistar-International,/Reviews/Navistar-Reviews-E470.htm,738
Baxter-International,/Reviews/Baxter-Reviews-E83.htm,1400
Stryker,/Reviews/Stryker-Reviews-E1918.htm,1500
Air-Products-and-Chemicals,/Reviews/Air-Products-Reviews-E17.htm,511
Owens-and-Minor,/Reviews/Owens-and-Minor-Reviews-E501.htm,263
MasterCard-Incorporated,/Reviews/Mastercard-Reviews-E3677.htm,900
Applied-Materials,/Reviews/Applied-Materials-Reviews-E1139.htm,1000
Eastman-Chemical,/Reviews/Eastman-Reviews-E2452.htm,1400
eBay,/Reviews/eBay-Reviews-E7853.htm,2300
Lennar,/Reviews/Lennar-Reviews-E400.htm,223
Hormel-Foods,/Reviews/Hormel-Reviews-E877.htm,206
Celgene,/Reviews/Celgene-Reviews-E1235.htm,280
Genworth-Financial,/Reviews/Genworth-Reviews-E34925.htm,520
PayPal-Holdings,/Reviews/PayPal-Reviews-E9848.htm,2300
Autoliv,/Reviews/Autoliv-Reviews-E6879.htm,275
Republic-Services,/Reviews/Republic-Services-Reviews-E8328.htm,1100
Corning-Incorporated,/Reviews/Corning-Reviews-E183.htm,561
Peter-Kiewit-Sons',/Reviews/Kiewit-Corporation-Reviews-E2935.htm,758
Mosaic,/Reviews/Mosaic-Reviews-E23281.htm,114
Core-Mark-Holding,/Reviews/Core-Mark-Reviews-E3671.htm,238
Cameron-International,/Reviews/Cameron-Reviews-E4403.htm,681
HD-Supply-Holdings,/Reviews/HD-Supply-Reviews-E19909.htm,689
EOG-Resources,/Reviews/EOG-Reviews-E1467.htm,110
Veritiv-Corp,/Reviews/Veritiv-Reviews-E833033.htm,200
Laboratory-of-America-Holdings,/Reviews/LabCorp-Reviews-E1679.htm,1300
