Community-Health-Systems,/Reviews/Community-Health-Systems-Reviews-E1548.htm,5650
Alcoa,/Reviews/Alcoa-Reviews-E29.htm,6050
International-Paper,/Reviews/International-Paper-Reviews-E356.htm,1850
Union-Pacific,/Reviews/Union-Pacific-Reviews-E691.htm,2350
Staples,/Reviews/Staples-Reviews-E1909.htm,5350
Whirlpool,/Reviews/Whirlpool-Corporation-Reviews-E732.htm,1650
Aflac-Incorporated,/Reviews/Aflac-Reviews-E1302.htm,1450
Progressive,/Reviews/Progressive-Insurance-Reviews-E546.htm,2350
Abbott-Laboratories,/Reviews/Abbott-Labs-Reviews-E12.htm,2650
Eli-Lilly-and,/Reviews/Eli-Lilly-Reviews-E223.htm,1950
Southwest-Airlines-Co,/Reviews/Southwest-Airlines-Reviews-E611.htm,3150
ManpowerGroup,/Reviews/ManpowerGroup-Reviews-E582741.htm,3550
PACCAR-Inc,/Reviews/PACCAR-Reviews-E1744.htm,1850
Cummins,/Reviews/Cummins-Reviews-E187.htm,2150
Altria-Group,/Reviews/Altria-Reviews-E528.htm,2150
Xerox,/Reviews/Xerox-Reviews-E747.htm,1850
Hartford-Financial-Services-Group,/Reviews/The-Hartford-Reviews-E4314.htm,2750
Kraft-Heinz,/Reviews/Kraft-Heinz-Company-Reviews-E1026712.htm,3050
Lear,/Reviews/Lear-Corporation-Reviews-E2635.htm,1750
Fluor,/Reviews/Fluor-Reviews-E262.htm,2050
AECOM,/Reviews/AECOM-Reviews-E5632.htm,1650
Jabil-Circuit,/Reviews/Jabil-Reviews-E2330.htm,1950
CenturyLink,/Reviews/CenturyLink-Reviews-E248324.htm,2750
Supervalu,/Reviews/SUPERVALU-Reviews-E632.htm,1650
NextEra-Energy,/Reviews/NextEra-Energy-Inc-Reviews-E221824.htm,2250
American-Electric-Power,/Reviews/AEP-Reviews-E34.htm,3050
Goodyear-Tire-and-Rubber,/Reviews/Goodyear-Reviews-E292.htm,2650
Nucor,/Reviews/Nucor-Reviews-E489.htm,3450
Health-Net,/Reviews/Health-Net-Reviews-E1233.htm,3350
Freeport-McMoRan,/Reviews/Freeport-McMoRan-Copper-and-Gold-Reviews-E266.htm,1950
Gap,/Reviews/Gap-Reviews-E114118.htm,1750
Bank-of-New-York-Mellon,/Reviews/BNY-Mellon-Reviews-E78.htm,1850
Dollar-Tree,/Reviews/Dollar-Tree-Reviews-E4033.htm,1650
PPG-Industries,/Reviews/PPG-Reviews-E508.htm,2850
Omnicom-Group,/Reviews/Omnicom-Media-Group-Reviews-E544568.htm,1750
DISH-Network,/Reviews/DISH-Reviews-E4501.htm,1650
Monsanto,/Reviews/Monsanto-Company-Reviews-E11986.htm,4350
CarMax,/Reviews/CarMax-Reviews-E6561.htm,1950
Marriott-International,/Reviews/Marriott-International-Reviews-E7790.htm,1750
Office-Depot,/Reviews/Office-Depot-Reviews-E1723.htm,1650
Nordstrom,/Reviews/Nordstrom-Reviews-E1704.htm,3850
DaVita-HealthCare-Partners,/Reviews/DaVita-Medical-Group-Reviews-E996114.htm,2350
WellCare-Health-Plans,/Reviews/WellCare-Reviews-E34976.htm,1950
CBS,/Reviews/CBS-Reviews-E117.htm,1550
Visa,/Reviews/Visa-Inc-Reviews-E3035.htm,1900
Lincoln-National,/Reviews/Lincoln-Financial-Group-Reviews-E403.htm,612
Ecolab,/Reviews/Ecolab-Reviews-E222.htm,900
Kellogg,/Reviews/Kellogg-Company-Reviews-E377.htm,1300
C-H-Robinson-Worldwide,/Reviews/C-H-Robinson-Reviews-E7124.htm,900
Textron,/Reviews/Textron-Reviews-E654.htm,303
Loews,/Reviews/Loews-Hotels-Reviews-E13438.htm,264
Synnex,/Reviews/SYNNEX-Reviews-E12131.htm,189
Viacom,/Reviews/Viacom-Reviews-E40260.htm,844
Yum!-Brands,/Reviews/Yum-Reviews-E6995.htm,268
CDW,/Reviews/CDW-Reviews-E2347.htm,1500
Waste-Management,/Reviews/Waste-Management-Reviews-E2094.htm,1000
Marsh-and-McLennan,/Reviews/Marsh-and-McLennan-Companies-Reviews-E426.htm,580
Parker-Hannifin,/Reviews/Parker-Hannifin-Reviews-E517.htm,957
Guardian-Life-Ins-Co-of-America,/Reviews/Guardian-Life-Reviews-E2810.htm,463
Farmers-Insurance-Exchange,/Reviews/Farmers-Insurance-Group-Reviews-E3955.htm,2300
JC-Penney,/Reviews/J-C-Penney-Reviews-E361.htm,5800
Consolidated-Edison,/Reviews/Con-Edison-of-New-York-Reviews-E16462.htm,357
VF,/Reviews/VF-Reviews-E703.htm,287
Ameriprise-Financial,/Reviews/Ameriprise-Reviews-E15316.htm,1300
Computer-Sciences,/Reviews/CSC-Reviews-E169.htm,6200
Jacobs-Engineering-Group,/Reviews/Jacobs-Reviews-E913.htm,2000
Bed-Bath-and-Beyond,/Reviews/Bed-Bath-and-Beyond-Reviews-E1961.htm,2500
CSX,/Reviews/CSX-Reviews-E124.htm,600
Dominion-Resources,/Reviews/Dominion-Resources-Reviews-E204.htm,233
United-States-Steel,/Reviews/United-States-Steel-Reviews-E1251.htm,612
L-3-Communications-Holdings,/Reviews/L3-Technologies-Reviews-E10080.htm,1500
Entergy,/Reviews/Entergy-Reviews-E231.htm,143
Automatic-Data-Processing,/Reviews/ADP-Reviews-E64.htm,5500
First-Data,/Reviews/First-Data-Reviews-E1787.htm,1800
BlackRock,/Reviews/BlackRock-Reviews-E9331.htm,1600
WestRock,/Reviews/WestRock-Reviews-E1033056.htm,341
Sherwin-Williams,/Reviews/Sherwin-Williams-Reviews-E599.htm,2500
Hilton-Worldwide-Holdings,/Reviews/Hilton-Reviews-E330.htm,2800
RR-Donnelley-and-Sons,/Reviews/R-R-Donnelley-Reviews-E554.htm,1400
Xcel-Energy,/Reviews/Xcel-Energy-Reviews-E487.htm,329
CBRE-Group,/Reviews/CBRE-Reviews-E465818.htm,2100
DR-Horton,/Reviews/D-R-Horton-Reviews-E2195.htm,224
Biogen,/Reviews/Biogen-Reviews-E1336.htm,743
State-Street,/Reviews/State-Street-Reviews-E1911.htm,3300
Unum-Group,/Reviews/Unum-Reviews-E9522.htm,468
Henry-Schein,/Reviews/Henry-Schein-Reviews-E5319.htm,391
Hertz-Global-Holdings,/Reviews/Hertz-Reviews-E4071.htm,3700
Public-Service-Enterprise-Group-Incorporated,/Reviews/PSEG-Reviews-E16719.htm,300
BBandT,/Reviews/BB-and-T-Reviews-E1893.htm,1300
DTE-Energy,/Reviews/DTE-Energy-Reviews-E199.htm,325
Assurant,/Reviews/Assurant-Reviews-E13793.htm,1000
Huntsman,/Reviews/Huntsman-Corp-Reviews-E37877.htm,207
Becton-Dickinson-and,/Reviews/BD-Reviews-E88.htm,1000
AutoZone,/Reviews/AutoZone-Reviews-E610.htm,2000
Navistar-International,/Reviews/Navistar-Reviews-E470.htm,738
Baxter-International,/Reviews/Baxter-Reviews-E83.htm,1400
Stryker,/Reviews/Stryker-Reviews-E1918.htm,1500
Air-Products-and-Chemicals,/Reviews/Air-Products-Reviews-E17.htm,511
Owens-and-Minor,/Reviews/Owens-and-Minor-Reviews-E501.htm,263
MasterCard-Incorporated,/Reviews/Mastercard-Reviews-E3677.htm,900
Applied-Materials,/Reviews/Applied-Materials-Reviews-E1139.htm,1000
Eastman-Chemical,/Reviews/Eastman-Reviews-E2452.htm,1400
eBay,/Reviews/eBay-Reviews-E7853.htm,2300
Lennar,/Reviews/Lennar-Reviews-E400.htm,223
Hormel-Foods,/Reviews/Hormel-Reviews-E877.htm,206
Celgene,/Reviews/Celgene-Reviews-E1235.htm,280
Genworth-Financial,/Reviews/Genworth-Reviews-E34925.htm,520
PayPal-Holdings,/Reviews/PayPal-Reviews-E9848.htm,2300
Autoliv,/Reviews/Autoliv-Reviews-E6879.htm,275
Republic-Services,/Reviews/Republic-Services-Reviews-E8328.htm,1100
Corning-Incorporated,/Reviews/Corning-Reviews-E183.htm,561
Peter-Kiewit-Sons',/Reviews/Kiewit-Corporation-Reviews-E2935.htm,758
Mosaic,/Reviews/Mosaic-Reviews-E23281.htm,114
Core-Mark-Holding,/Reviews/Core-Mark-Reviews-E3671.htm,238
Cameron-International,/Reviews/Cameron-Reviews-E4403.htm,681
HD-Supply-Holdings,/Reviews/HD-Supply-Reviews-E19909.htm,689
EOG-Resources,/Reviews/EOG-Reviews-E1467.htm,110
Veritiv-Corp,/Reviews/Veritiv-Reviews-E833033.htm,200
Laboratory-of-America-Holdings,/Reviews/LabCorp-Reviews-E1679.htm,1300
Pacific-Life,/Reviews/Pacific-Life-Reviews-E18071.htm,236
Jarden,/Reviews/Jarden-Reviews-E2295.htm,126
SunTrust-Banks,/Reviews/SunTrust-Reviews-E631.htm,2000
American-Family-Insurance-Group,/Reviews/American-Family-Insurance-Reviews-E2706.htm,755
Tenneco,/Reviews/Tenneco-Reviews-E646.htm,152
Campbell-Soup,/Reviews/Campbell-Soup-Company-Reviews-E129.htm,383
Ball,/Reviews/Ball-State-University-Reviews-E24625.htm,225
Franklin-Resources,/Reviews/Franklin-Templeton-Investments-Reviews-E240744.htm,632
Masco,/Reviews/Masco-Reviews-E427.htm,108
PPL,/Reviews/PPL-Reviews-E520.htm,131
Ralph-Lauren,/Reviews/Ralph-Lauren-Reviews-E2937.htm,1500
Interpublic-Group-of,/Reviews/Interpublic-Group-Reviews-E358.htm,140
AGCO,/Reviews/AGCO-Reviews-E2161.htm,219
Hershey,/Reviews/The-Hershey-Company-Reviews-E326.htm,575
Williams,/Reviews/Williams-Reviews-E736.htm,311
Dick's-Sporting-Goods,/Reviews/DICK-S-Sporting-Goods-Reviews-E8666.htm,2900
Mutual-of-Omaha-Insurance,/Reviews/Mutual-of-Omaha-Reviews-E3678.htm,369
LKQ,/Reviews/LKQ-Reviews-E20395.htm,276
Avon-Products,/Reviews/Avon-Products-Reviews-E67.htm,1400
Darden-Restaurants,/Reviews/Darden-Reviews-E4160.htm,1400
Weyerhaeuser,/Reviews/Weyerhaeuser-Reviews-E730.htm,338
Casey's-General-Stores,/Reviews/Casey-s-General-Stores-Reviews-E1232.htm,372
Sealed-Air,/Reviews/Sealed-Air-Corporation-Reviews-E590.htm,387
Dover,/Reviews/Dover-Corporation-Reviews-E206.htm,106
Dillard's,/Reviews/Dillard-s-Reviews-E202.htm,3200
The-Jones-Financial,/Reviews/Edward-Jones-Reviews-E3161.htm,1900
AK-Steel-Holding,/Reviews/AK-Steel-Holding-Corporation-Reviews-E2632.htm,139
Expedia,/Reviews/Expedia-Reviews-E9876.htm,2200
Apache,/Reviews/Apache-Reviews-E54.htm,156
Spirit-AeroSystems-Holdings,/Reviews/Spirit-AeroSystems-Reviews-E39219.htm,316
Expeditors-International-of-Washington,/Reviews/Expeditors-Reviews-E1381.htm,706
Anixter-International,/Reviews/Anixter-International-Reviews-E360.htm,275
Fidelity-National-Information-Services,/Reviews/FIS-Reviews-E313114.htm,1800
Asbury-Automotive-Group,/Reviews/Asbury-Automotive-Reviews-E7510.htm,156
Calpine,/Reviews/Calpine-Reviews-E6150.htm,155
JetBlue-Airways,/Reviews/JetBlue-Reviews-E11385.htm,795
NCR,/Reviews/NCR-Reviews-E4212.htm,2100
Tractor-Supply,/Reviews/Tractor-Supply-Reviews-E2602.htm,893
JB-Hunt-Transport-Services,/Reviews/J-B-Hunt-Reviews-E1540.htm,868
Commercial-Metals,/Reviews/Commercial-Metals-Reviews-E164.htm,101
Harman-International-Industries-Incorporated,/Reviews/HARMAN-Reviews-E315.htm,703
Baxalta-Incorporated,/Reviews/Baxalta-Reviews-E1020367.htm,184
Oshkosh,/Reviews/Oshkosh-Corporation-Reviews-E1740.htm,218
Barnes-and-Noble,/Reviews/Barnes-and-Noble-Reviews-E2439.htm,2900
Dana-Holding,/Reviews/Dana-Corporation-Reviews-E192.htm,200
Zimmer-Biomet-Holdings,/Reviews/Zimmer-Biomet-Reviews-E1017414.htm,876
Harley-Davidson,/Reviews/Harley-Davidson-Reviews-E314.htm,517
PulteGroup,/Reviews/Pulte-Homes-Reviews-E506.htm,361
Windstream-Holdings,/Reviews/Windstream-Reviews-E41693.htm,934
Starwood-Hotels-and-Resorts-Worldwide,/Reviews/Starwood-Hotels-and-Resorts-Reviews-E335.htm,1800
Packaging-of-America,/Reviews/PCA-Reviews-E9610.htm,145
Realogy-Holdings-Corp,/Reviews/Realogy-Reviews-E41918.htm,148
JM-Smucker,/Reviews/The-J-M-Smucker-Company-Reviews-E362.htm,311
Celanese,/Reviews/Celanese-Reviews-E37824.htm,177
Clorox,/Reviews/The-Clorox-Company-Reviews-E158.htm,642
Ingredion-Incorporated,/Reviews/Ingredion-Reviews-E7616.htm,145
Genesis-Healthcare,/Reviews/Genesis-HealthCare-Reviews-E33727.htm,1100
Alaska-Air-Group,/Reviews/Alaska-Airlines-Reviews-E19.htm,304
Amphenol,/Reviews/Amphenol-Reviews-E1967.htm,157
St-Jude-Medical,/Reviews/St-Jude-Medical-Reviews-E1903.htm,728
Arthur-J-Gallagher-and-Co,/Reviews/Arthur-J-Gallagher-and-Co-Reviews-E57.htm,803
Ashland,/Reviews/Ashland-Reviews-E60.htm,252
Insight-Enterprises,/Reviews/Insight-Reviews-E3823.htm,637
CH2M-HILL-Ltd,/Reviews/CH2M-Reviews-E3121.htm,1000
NiSource,/Reviews/NiSource-Reviews-E460.htm,106
Citizens-Financial-Group,/Reviews/Citizens-Bank-Reviews-E13640.htm,1500
Rockwell-Collins,/Reviews/Rockwell-Collins-Reviews-E13435.htm,1300
Spectra-Energy-Corp,/Reviews/Spectra-Energy-Reviews-E42454.htm,144
First-American-Financial,/Reviews/First-American-Reviews-E2526.htm,679
NVR,/Reviews/NVR-Reviews-E954.htm,131
KBR,/Reviews/KBR-Reviews-E18604.htm,985
Neiman-Marcus-Group-LTD-LLC,/Reviews/Neiman-Marcus-Reviews-E471.htm,944
Robert-Half-International,/Reviews/Robert-Half-Reviews-E1838.htm,2400
Leidos-Holdings,/Reviews/Leidos-Reviews-E730545.htm,959
Harris,/Reviews/Harris-Reviews-E317.htm,1400
Hanover-Insurance-Group,/Reviews/The-Hanover-Insurance-Group-Reviews-E3664.htm,347
Pepco-Holdings-LLC,/Reviews/Pepco-Holdings-Reviews-E543.htm,105
Williams-Sonoma,/Reviews/Williams-Sonoma-Reviews-E2043.htm,1500
Yahoo!,/Reviews/Yahoo-Reviews-E5807.htm,3200
Michaels,/Reviews/Michaels-Stores-Reviews-E945.htm,2800
Berry-Plastics-Group,/Reviews/Berry-Global-Reviews-E8775.htm,225
AmTrust-Financial-Services,/Reviews/AmTrust-Financial-Reviews-E43248.htm,294
Blackstone-Group,/Reviews/The-Blackstone-Group-Reviews-E4022.htm,134
Chipotle-Mexican-Grill,/Reviews/Chipotle-Reviews-E15228.htm,3600
Levi-Strauss-and-Co,/Reviews/Levi-Strauss-Reviews-E2872.htm,961
Hasbro,/Reviews/Hasbro-Reviews-E890.htm,387
Securian-Financial-Group,/Reviews/Securian-Financial-Reviews-E2902.htm,134
Intuit,/Reviews/Intuit-Reviews-E2293.htm,3500
Coty,/Reviews/Coty-Reviews-E7654.htm,491
SCANA,/Reviews/SCANA-Reviews-E577.htm,115
Patterson,/Reviews/Patterson-Dental-Reviews-E316884.htm,149
Factory-Mutual-Insurance,/Reviews/FM-Global-Reviews-E15259.htm,287
Hyatt-Hotels,/Reviews/Hyatt-Reviews-E2839.htm,2100
Science-Applications-International,/Reviews/SAIC-Reviews-E41130.htm,1900
McCormick-and-Incorporated,/Reviews/McCormick-and-Schmick-s-Reviews-E20665.htm,160
LPL-Financial-Holdings,/Reviews/LPL-Financial-Reviews-E227035.htm,586
MasTec,/Reviews/MasTec-Reviews-E1198.htm,299
T-Rowe-Price-Group,/Reviews/T-Rowe-Price-Reviews-E3583.htm,620
Coach,/Reviews/Coach-Reviews-E12070.htm,1300
Graphic-Packaging-Holding,/Reviews/Graphic-Packaging-International-Reviews-E2199.htm,224
Tiffany-and-Co,/Reviews/Tiffany-and-Co-Reviews-E663.htm,846
Avaya,/Reviews/Avaya-Reviews-E12121.htm,2000
Bemis,/Reviews/Bemis-Reviews-E92.htm,173
Mead-Johnson-Nutrition,/Reviews/Mead-Johnson-Reviews-E13969.htm,182
Tesla-Motors,/Reviews/Tesla-Reviews-E43129.htm,1000
Cabela's-Incorporated,/Reviews/Cabela-s-Reviews-E9193.htm,867
Advanced-Micro-Devices,/Reviews/AMD-Reviews-E15.htm,1800
AMETEK,/Reviews/AMETEK-Reviews-E7.htm,158
Nexeo-Solutions-Holdings-LLC,/Reviews/Nexeo-Solutions-Reviews-E419397.htm,227
Leggett-and-Platt-Incorporated,/Reviews/Leggett-and-Platt-Reviews-E398.htm,137
Ulta-Salon-Cosmetics-and-Fragrance,/Reviews/Ulta-Beauty-Reviews-E9466.htm,3000
CIT-Group,/Reviews/CIT-Reviews-E6835.htm,373
American-Axle-and-Manufacturing-Holdings,/Reviews/American-Axle-and-Manufacturing-Reviews-E4710.htm,162
Triumph-Group,/Reviews/Triumph-Group-Reviews-E6320.htm,211
WhiteWave-Foods,/Reviews/WhiteWave-Reviews-E9768.htm,117
Sally-Beauty-Holdings,/Reviews/Sally-Beauty-Reviews-E17422.htm,840
USG,/Reviews/USG-Reviews-E686.htm,186
Select-Medical-Holdings,/Reviews/Select-Medical-Reviews-E11368.htm,377
Xylem,/Reviews/Xylem-Reviews-E494852.htm,177
Albemarle,/Reviews/Albemarle-Reviews-E2561.htm,119
Towers-Watson-and-Co,/Reviews/Willis-Towers-Watson-Reviews-E1122768.htm,1900
Team-Health-Holdings,/Reviews/TeamHealth-Reviews-E11221.htm,404
Snap-on-Incorporated,/Reviews/Snap-on-Reviews-E604.htm,174
ADT,/Reviews/ADT-Security-Services-Reviews-E13956.htm,1800
Molson-Coors-Brewing,/Reviews/Molson-Coors-Reviews-E1091.htm,144
Lexmark-International,/Reviews/Lexmark-International-Reviews-E2873.htm,750
Abercrombie-and-Fitch-Co,/Reviews/Abercrombie-and-Fitch-Reviews-E6756.htm,4500
Meritor,/Reviews/Meritor-Reviews-E7132.htm,194
FMC,/Reviews/FMC-Reviews-E239.htm,197
Lennox-International,/Reviews/Lennox-Reviews-E2871.htm,222
CR-Bard,/Reviews/Bard-Reviews-E116.htm,154
Church-and-Dwight-Co,/Reviews/Church-and-Dwight-Reviews-E1254.htm,193
PolyOne,/Reviews/PolyOne-Reviews-E12620.htm,151
CME-Group,/Reviews/CME-Group-Reviews-E7796.htm,547
Landstar-System,/Reviews/Landstar-Reviews-E2335.htm,118
CACI-International,/Reviews/CACI-International-Reviews-E1201.htm,900
Westinghouse-Air-Brake-Technologies,/Reviews/Wabtec-Reviews-E363475.htm,101
Rent-A-Center,/Reviews/Rent-A-Center-Reviews-E3914.htm,1300
Citrix-Systems,/Reviews/Citrix-Reviews-E5432.htm,2100
Alliant-Energy,/Reviews/Alliant-Energy-Reviews-E5828.htm,107
TD-Ameritrade-Holding,/Reviews/TD-Ameritrade-Reviews-E6601.htm,831
Fossil-Group,/Reviews/Fossil-Reviews-E2319.htm,902
NBTY,/Reviews/The-Nature-s-Bounty-Co-Reviews-E1686.htm,216
ScanSource,/Reviews/ScanSource-Reviews-E3715.htm,123
Groupon,/Reviews/Groupon-Reviews-E301291.htm,1900
Ryerson-Holding,/Reviews/Ryerson-Reviews-E350.htm,164
HealthSouth,/Reviews/HealthSouth-Reviews-E1464.htm,425
American-Water-Works,/Reviews/American-Water-Reviews-E44.htm,247
Regal-Entertainment-Group,/Reviews/Regal-Entertainment-Reviews-E14917.htm,1500
SkyWest,/Reviews/SkyWest-Airlines-Reviews-E1883.htm,377
WR-Grace-and-Co,/Reviews/W-R-Grace-Reviews-E710.htm,167
KB-Home,/Reviews/KB-Home-Reviews-E376.htm,141
International-Flavors-and-Fragrances,/Reviews/International-Flavors-and-Fragrances-Reviews-E355.htm,164
Genesco,/Reviews/Genesco-Reviews-E281.htm,104
Scotts-Miracle-Gro,/Reviews/Scotts-Miracle-Gro-Reviews-E1443.htm,398
Unisys,/Reviews/Unisys-Reviews-E692.htm,1800
Iron-Mountain-Incorporated,/Reviews/Iron-Mountain-Inc-Reviews-E6774.htm,881
Brinker-International,/Reviews/Brinker-Reviews-E148.htm,211
Stericycle,/Reviews/Stericycle-Reviews-E6009.htm,537
Sabre,/Reviews/Sabre-Reviews-E6269.htm,1000
Cooper-Tire-and-Rubber,/Reviews/Cooper-Tire-and-Rubber-Reviews-E182.htm,110
Old-Dominion-Freight-Line,/Reviews/Old-Dominion-Freight-Reviews-E191.htm,296
Convergys,/Reviews/Convergys-Reviews-E8348.htm,4000
IMS-Health-Holdings,/Reviews/QuintilesIMS-Reviews-E8347.htm,2500
MSC-Industrial-Direct-Co,/Reviews/MSC-Industrial-Direct-Reviews-E5512.htm,349
Gannett-Co,/Reviews/Gannett-Reviews-E272.htm,900
Amkor-Technology,/Reviews/Amkor-Reviews-E6638.htm,103
Sentry-Insurance-Group,/Reviews/Sentry-Reviews-E2977.htm,232
Timken,/Reviews/Timken-Reviews-E664.htm,342
Cabot,/Reviews/Cabot-Reviews-E126.htm,113
Univision-Communications,/Reviews/Univision-Reviews-E6046.htm,381
Cinemark-Holdings,/Reviews/Cinemark-Reviews-E3612.htm,784
Cracker-Barrel-Old-Country-Store,/Reviews/Cracker-Barrel-Reviews-E1308.htm,2100
Comerica-Incorporated,/Reviews/Comerica-Reviews-E1281.htm,593
DST-Systems,/Reviews/DST-Systems-Reviews-E4529.htm,635
Legg-Mason,/Reviews/Legg-Mason-Reviews-E397.htm,121
Total-System-Services,/Reviews/TSYS-Total-System-Services-Reviews-E671.htm,517
Applied-Industrial-Technologies,/Reviews/Applied-Industrial-Technologies-Reviews-E86.htm,106
Paychex,/Reviews/Paychex-Reviews-E1762.htm,1700
Monster-Beverage,/Reviews/Monster-Energy-Reviews-E333508.htm,149
Hologic,/Reviews/Hologic-Reviews-E1568.htm,345
TrueBlue,/Reviews/TrueBlue-Reviews-E6113.htm,146
Broadridge-Financial-Solutions,/Reviews/Broadridge-Reviews-E42559.htm,714
TriNet-Group,/Reviews/TriNet-Group-Reviews-E5494.htm,439
Plexus-Corp,/Reviews/Plexus-Reviews-E1792.htm,225
Marathon-Petroleum,/Reviews/Marathon-Petroleum-Reviews-E7657.htm,345
Freddie-Mac,/Reviews/Freddie-Mac-Reviews-E1585.htm,736
PepsiCo,/Reviews/PepsiCo-Reviews-E522.htm, 6.1k
Lockheed-Martin,/Reviews/Lockheed-Martin-Reviews-E404.htm, 5.2k
Massachusetts-Mutual-Life-Insurance,/Reviews/Massachusetts-Mutual-Life-Insurance-Reviews-E1004004.htm,1
INTL-FCStone,/Reviews/INTL-FCStone-Reviews-E5156.htm,83
ConocoPhillips,/Reviews/ConocoPhillips-Reviews-E14933.htm,893
World-Fuel-Services,/Reviews/World-Fuel-Services-Reviews-E910.htm,139
Avnet,/Reviews/Avnet-Reviews-E66.htm,662
Philip-Morris-International,/Reviews/Philip-Morris-International-Reviews-E7745.htm,661
Emerson-Electric-Co,/Reviews/Emerson-Reviews-E225.htm, 2.0k
Amgen,/Reviews/Amgen-Reviews-E1130.htm, 1.5k
Danaher,/Reviews/Danaher-Reviews-E193.htm,260
AutoNation,/Reviews/AutoNation-Reviews-E2593.htm,742
Tenet-Healthcare,/Reviews/Tenet-Healthcare-Reviews-E466.htm,428
Penske-Automotive-Group,/Reviews/Penske-Automotive-Group-Reviews-E605340.htm,143
Facebook,/Reviews/Facebook-Reviews-E40772.htm, 2.3k
General-Mills,/Reviews/General-Mills-Reviews-E278.htm, 1.5k
Thermo-Fisher-Scientific,/Reviews/Thermo-Fisher-Scientific-Reviews-E658.htm, 1.9k
Micron-Technology,/Reviews/Micron-Technology-Reviews-E1648.htm, 1.2k
Baker-Hughes-Incorporated,/Reviews/Baker-Hughes-Reviews-E72.htm, 2.1k
Whole-Foods-Market,/Reviews/Whole-Foods-Market-Reviews-E422.htm, 5.3k
Genuine-Parts,/Reviews/Genuine-Parts-Reviews-E282.htm,124
Performance-Food-Group,/Reviews/Performance-Food-Group-Reviews-E2402.htm,246
FirstEnergy-Corp,/Reviews/FirstEnergy-Reviews-E493.htm,253
Kinder-Morgan,/Reviews/Kinder-Morgan-Reviews-E4156.htm,326
Illinois-Tool-Works,/Reviews/Illinois-Tool-Works-Reviews-E348.htm,340
Devon-Energy,/Reviews/Devon-Energy-Reviews-E839.htm,306
PBF-Energy,/Reviews/PBF-Energy-Reviews-E548995.htm,33
Chesapeake-Energy,/Reviews/Chesapeake-Energy-Reviews-E906.htm,327
Occidental-Petroleum,/Reviews/Occidental-Petroleum-Reviews-E491.htm,345
Cognizant-Technology-Solutions,/Reviews/Cognizant-Technology-Solutions-Reviews-E8014.htm, 19k
L-Brands,/Reviews/L-Brands-Reviews-E656.htm,471
Principal-Financial-Group,/Reviews/Principal-Financial-Group-Reviews-E2941.htm,602
Las-Vegas-Sands-Corp,/Reviews/Las-Vegas-Sands-Reviews-E12171.htm,57
Leucadia-National,/Reviews/Leucadia-National-Reviews-E401.htm,4
Edison-International,/Reviews/Edison-International-Reviews-E578.htm,26
Stanley-Black-and-Decker,/Reviews/Stanley-Black-and-Decker-Reviews-E350350.htm,690
Murphy-USA,/Reviews/Murphy-USA-Reviews-E473268.htm,382
Praxair,/Reviews/Praxair-Reviews-E2207.htm,473
Group-1-Automotive,/Reviews/Group-1-Automotive-Reviews-E6990.htm,140
Reinsurance-Group-of-America-Incorporated,/Reviews/Reinsurance-Group-of-America-Reviews-E2316.htm,98
Sempra-Energy,/Reviews/Sempra-Energy-Reviews-E8437.htm,121
Universal-Health-Services,/Reviews/Universal-Health-Services-Reviews-E2001.htm,370
Advance-Auto-Parts,/Reviews/Advance-Auto-Parts-Reviews-E8708.htm, 1.9k
Ally-Financial,/Reviews/Ally-Financial-Reviews-E7222.htm,545
CST-Brands,/Reviews/CST-Brands-Reviews-E717969.htm,90
GameStop-Corp,/Reviews/GameStop-Reviews-E1162.htm, 3.3k
Priceline-Group,/Reviews/Priceline-Group-Reviews-E1398057.htm,2
Fidelity-National-Financial,/Reviews/Fidelity-National-Financial-Reviews-E39083.htm,222
Thrivent-Financial-for-Lutherans,/Reviews/Thrivent-Financial-Reviews-E3663.htm,349
Broadcom,/Reviews/Broadcom-Reviews-E6926.htm, 2.0k
United-Natural-Foods,/Reviews/United-Natural-Foods-Reviews-E6334.htm,253
Mohawk-Industries,/Reviews/Mohawk-Industries-Reviews-E1644.htm,291
BorgWarner,/Reviews/BorgWarner-Reviews-E1652.htm,279
PVH-Corp,/Reviews/PVH-Corp-Reviews-E530.htm,459
Eversource-Energy,/Reviews/Eversource-Energy-Reviews-E970297.htm,137
Ingram-Micro,/Reviews/Ingram-Micro-Reviews-E5794.htm,928
Tyson-Foods,/Reviews/Tyson-Foods-Reviews-E1975.htm,699
Gilead-Sciences,/Reviews/Gilead-Sciences-Reviews-E2016.htm,597
United-Services-Automobile-Association,/Reviews/USAA-Reviews-E3033.htm, 2.1k
AbbVie,/Reviews/AbbVie-Reviews-E649837.htm,773
Dollar-General,/Reviews/Dollar-General-Reviews-E1342.htm, 4.2k
Starbucks,/Reviews/Starbucks-Reviews-E2202.htm, 15k
Kimberly-Clark,/Reviews/Kimberly-Clark-Reviews-E383.htm, 1.1k
Bristol-Myers-Squibb,/Reviews/Bristol-Myers-Squibb-Reviews-E107.htm, 1.3k
PNC-Financial-Services-Group,/Reviews/PNC-Financial-Services-Group-Reviews-E507.htm, 3.7k
NRG-Energy,/Reviews/NRG-Energy-Reviews-E11895.htm,375
Western-Digital,/Reviews/Western-Digital-Reviews-E1067.htm,838
Aramark,/Reviews/Aramark-Reviews-E2716.htm, 4.0k
Molina-Healthcare,/Reviews/Molina-Healthcare-Reviews-E15828.htm,787
Ross-Stores,/Reviews/Ross-Stores-Reviews-E1843.htm, 3.4k
Voya-Financial,/Reviews/Voya-Financial-Reviews-E816322.htm,264
Reynolds-American,/Reviews/Reynolds-American-Reviews-E7736.htm,568
Norfolk-Southern,/Reviews/Norfolk-Southern-Reviews-E483.htm,574
Sonic-Automotive-Inc,/Reviews/Sonic-Automotive-Reviews-E7094.htm,220
Univar,/Reviews/Univar-Reviews-E14183.htm,363
Avis-Budget-Group,/Reviews/Avis-Budget-Group-Reviews-E7303.htm, 1.4k
Lithia-Motors,/Reviews/Lithia-Motors-Reviews-E6507.htm,164
ONEOK,/Reviews/ONEOK-Reviews-E490.htm,98
Newmont-Mining,/Reviews/Newmont-Mining-Reviews-E479.htm,194
SpartanNash,/Reviews/SpartanNash-Reviews-E786062.htm,118
Quanta-Services,/Reviews/Quanta-Services-Reviews-E7594.htm,55
XPO-Logistics,/Reviews/XPO-Logistics-Reviews-E615153.htm, 1.3k
Steel-Dynamics,/Reviews/Steel-Dynamics-Reviews-E6441.htm,46
WESCO-International,/Reviews/WESCO-International-Reviews-E7599.htm,272
Quest-Diagnostics-Incorporated,/Reviews/Quest-Diagnostics-Reviews-E6655.htm, 1.6k
Foot-Locker,/Reviews/Foot-Locker-Reviews-E238.htm, 1.0k
CenterPoint-Energy,/Reviews/CenterPoint-Energy-Reviews-E338.htm,233
Live-Nation-Entertainment,/Reviews/Live-Nation-Entertainment-Reviews-E7601.htm,534
WR-Berkley,/Reviews/W-R-Berkley-Reviews-E2020.htm,74
Kindred-Healthcare,/Reviews/Kindred-Healthcare-Reviews-E8220.htm, 1.3k
Huntington-Ingalls-Industries,/Reviews/Huntington-Ingalls-Industries-Reviews-E398616.htm,356
Ryder-System,/Reviews/Ryder-System-Reviews-E575.htm,837
Terex,/Reviews/Terex-Reviews-E1954.htm,371
Coca-Cola-European-Partners,/Reviews/Coca-Cola-European-Partners-Reviews-E1375664.htm,15
Auto-Owners-Insurance-Group,/Reviews/Auto-Owners-Insurance-Reviews-E16164.htm,276
Cablevision-Systems,/Reviews/Cablevision-Systems-Reviews-E802.htm,826
Symantec,/Reviews/Symantec-Reviews-E1931.htm, 3.2k
Charles-Schwab,/Reviews/Charles-Schwab-Reviews-E144.htm, 1.8k
CMS-Energy,/Reviews/CMS-Energy-Reviews-E120.htm,9
Sanmina,/Reviews/Sanmina-Reviews-E2322.htm,405
FMC-Technologies,/Reviews/FMC-Technologies-Reviews-E13228.htm,644
Rockwell-Automation,/Reviews/Rockwell-Automation-Reviews-E567.htm, 1.0k
Owens-Illinois,/Reviews/Owens-Illinois-Reviews-E2129.htm,178
NetApp,/Reviews/NetApp-Reviews-E5406.htm, 2.6k
Graybar-Electric,/Reviews/Graybar-Electric-Reviews-E2804.htm,311
A-Mark-Precious-Metals,/Reviews/A-Mark-Precious-Metals-Reviews-E2697.htm,2
Constellation-Brands,/Reviews/Constellation-Brands-Reviews-E805.htm,153
LifePoint-Health,/Reviews/LifePoint-Health-Reviews-E9321.htm,115
Newell-Brands,/Reviews/Newell-Brands-Reviews-E1269885.htm,184
Avery-Dennison,/Reviews/Avery-Dennison-Reviews-E65.htm,589
Jones-Lang-LaSalle-Incorporated,/Reviews/JLL-Reviews-E5779.htm, 1.8k
WEC-Energy-Group,/Reviews/WEC-Energy-Group-Reviews-E1103041.htm,27
TravelCenters-of-America-LLC,/Reviews/TravelCenters-of-America-Reviews-E4696.htm,285
United-Rentals,/Reviews/United-Rentals-Reviews-E7395.htm,425
HRG-Group,/Reviews/HRG-Group-Reviews-E748.htm,3
Hanesbrands,/Reviews/Hanesbrands-Reviews-E13758.htm,313
Motorola-Solutions,/Reviews/Motorola-Solutions-Reviews-E427189.htm, 1.5k
Regions-Financial,/Reviews/Regions-Financial-Reviews-E1397.htm, 1.2k
Frontier-Communications,/Reviews/Frontier-Communications-Reviews-E131305.htm, 1.2k
Lansing-Trade-Group-LLC,/Reviews/Lansing-Trade-Group-Reviews-E490163.htm,14
SanDisk,/Reviews/SanDisk-Reviews-E4479.htm,584
Wyndham-Worldwide,/Reviews/Wyndham-Worldwide-Reviews-E40166.htm,813
Kelly-Services,/Reviews/Kelly-Services-Reviews-E1564.htm, 2.9k
Western-Union,/Reviews/Western-Union-Reviews-E14655.htm,698
Visteon,/Reviews/Visteon-Reviews-E8638.htm,327
Energy-Future-Holdings-Corp,/Reviews/Energy-Future-Holdings-Reviews-E653.htm,74
Raymond-James-Financial,/Reviews/Raymond-James-Financial-Reviews-E559.htm,640
Airgas,/Reviews/Airgas-Reviews-E18.htm,532
ABM-Industries-Incorporated,/Reviews/ABM-Industries-Reviews-E32.htm,786
Simon-Property-Group,/Reviews/Simon-Property-Group-Reviews-E2458.htm,347
Domtar,/Reviews/Domtar-Reviews-E5883.htm,107
Lam-Research,/Reviews/Lam-Research-Reviews-E1582.htm,497
Fiserv,/Reviews/Fiserv-Reviews-E1384.htm, 2.1k
Navient,/Reviews/Navient-Reviews-E807453.htm,166
Cincinnati-Financial,/Reviews/Cincinnati-Financial-Reviews-E1255.htm,107
Rush-Enterprises,/Reviews/Rush-Enterprises-Reviews-E5946.htm,119
Sonoco-Products,/Reviews/Sonoco-Products-Reviews-E1890.htm,263
Tutor-Perini,/Reviews/Tutor-Perini-Reviews-E979.htm,64
Juniper-Networks,/Reviews/Juniper-Networks-Reviews-E7224.htm, 1.8k
Northern-Trust,/Reviews/Northern-Trust-Reviews-E1710.htm, 1.4k
YRC-Worldwide,/Reviews/YRC-Worldwide-Reviews-E2050.htm,155
Pioneer-Natural-Resources,/Reviews/Pioneer-Natural-Resources-Reviews-E3571.htm,143
Ascena-Retail-Group,/Reviews/Ascena-Retail-Group-Reviews-E705999.htm,93
Adobe-Systems-Incorporated,/Reviews/Adobe-Reviews-E1090.htm, 2.8k
American-Tower,/Reviews/American-Tower-Reviews-E8043.htm,295
Polaris-Industries,/Reviews/Polaris-Industries-Reviews-E985.htm,221
Intercontinental-Exchange,/Reviews/Intercontinental-Exchange-Reviews-E13785.htm,207
Activision-Blizzard,/Reviews/Activision-Blizzard-Reviews-E605784.htm,115
Caesars-Entertainment,/Reviews/Caesars-Entertainment-Reviews-E367190.htm, 1.1k
Post-Holdings,/Reviews/Post-Holdings-Reviews-E826249.htm,3
Magellan-Health,/Reviews/Magellan-Health-Reviews-E2201.htm,430
RPM-International,/Reviews/RPM-International-Reviews-E1818.htm,21
Flowserve,/Reviews/Flowserve-Reviews-E1350.htm,445
KeyCorp,/Reviews/KeyBank-Reviews-E381.htm, 1.1k
MRC-Global,/Reviews/MRC-Global-Reviews-E722241.htm,62
Keurig-Green-Mountain,/Reviews/Keurig-Green-Mountain-Reviews-E4869.htm,374
General-Cable,/Reviews/General-Cable-Reviews-E6763.htm,137
Talen-Energy,/Reviews/Talen-Energy-Reviews-E1011866.htm,47
Westlake-Chemical,/Reviews/Westlake-Chemical-Reviews-E15202.htm,42
Valspar,/Reviews/Valspar-Reviews-E2568.htm,369
Bloomin'-Brands,/Reviews/Bloomin-Brands-Reviews-E671664.htm,114
VWR,/Reviews/VWR-Reviews-E25908.htm,433
Alon-USA-Energy,/Reviews/Alon-USA-Energy-Reviews-E17367.htm,13
Swift-Transportation,/Reviews/Swift-Transportation-Reviews-E2065.htm,535
Toll-Brothers,/Reviews/Toll-Brothers-Reviews-E667.htm,254
Atmos-Energy,/Reviews/Atmos-Energy-Reviews-E63.htm,97
Hexion,/Reviews/Hexion-Reviews-E949958.htm,53
Watsco,/Reviews/Watsco-Reviews-E1060.htm,11
Regeneron-Pharmaceuticals,/Reviews/Regeneron-Pharmaceuticals-Reviews-E981.htm,378
Agilent-Technologies,/Reviews/Agilent-Technologies-Reviews-E9711.htm,973
Torchmark,/Reviews/Torchmark-Reviews-E669.htm,120
Antero-Resources,/Reviews/Antero-Resources-Reviews-E270805.htm,11
AGL-Resources,/Reviews/AGL-Resources-Reviews-E62.htm,75
Dynegy,/Reviews/Dynegy-Reviews-E2914.htm,54
Fastenal,/Reviews/Fastenal-Reviews-E1391.htm, 1.8k
Welltower,/Reviews/Welltower-Reviews-E1166198.htm,39
CNO-Financial-Group,/Reviews/CNO-Financial-Group-Reviews-E173.htm,159
Axiall,/Reviews/Axiall-Reviews-E666402.htm,67
Ingles-Markets-Incorporated,/Reviews/Ingles-Markets-Reviews-E1515.htm,416
Crown-Castle-International-Corp,/Reviews/Crown-Castle-Reviews-E8416.htm,245
Allegheny-Technologies-Incorporated,/Reviews/Allegheny-Technologies-Reviews-E644.htm,233
Zebra-Technologies,/Reviews/Zebra-Technologies-Reviews-E2089.htm,373
Resolute-Forest-Products,/Reviews/Resolute-Forest-Products-Reviews-E495128.htm,74
Boise-Cascade,/Reviews/Boise-Cascade-Reviews-E37819.htm,75
Sprouts-Farmers-Market,/Reviews/Sprouts-Farmers-Market-Reviews-E134467.htm, 1.3k
Roper-Technologies,/Reviews/Roper-Technologies-Reviews-E930.htm,11
First-Solar,/Reviews/First-Solar-Reviews-E41703.htm,250
Pitney-Bowes,/Reviews/Pitney-Bowes-Reviews-E535.htm, 1.3k
Builders-FirstSource,/Reviews/Builders-FirstSource-Reviews-E11189.htm,51
Martin-Marietta-Materials,/Reviews/Martin-Marietta-Materials-Reviews-E3568.htm,120
American-Eagle-Outfitters,/Reviews/American-Eagle-Outfitters-Reviews-E2642.htm, 2.7k
Regal-Beloit,/Reviews/Regal-Beloit-Reviews-E994.htm,185
COUNTRY-Financial,/Reviews/COUNTRY-Financial-Reviews-E17480.htm,430
Tailored-Brands,/Reviews/Tailored-Brands-Reviews-E1335240.htm,21
ON-Semiconductor,/Reviews/ON-Semiconductor-Reviews-E9708.htm,362
Buckeye-Partners,/Reviews/Buckeye-Partners-Reviews-E113.htm,41
Urban-Outfitters,/Reviews/Urban-Outfitters-Reviews-E2372.htm, 1.8k
Analog-Devices,/Reviews/Analog-Devices-Reviews-E49.htm,530
Vulcan-Materials,/Reviews/Vulcan-Materials-Reviews-E709.htm,100
Murphy-Oil,/Reviews/Murphy-Oil-Reviews-E453.htm,135
Nasdaq,/Reviews/Nasdaq-Reviews-E12152.htm,342
Worthington-Industries,/Reviews/Worthington-Industries-Reviews-E2046.htm,126
TEGNA,/Reviews/TEGNA-Reviews-E1018607.htm,101
TreeHouse-Foods,/Reviews/TreeHouse-Foods-Reviews-E38979.htm,69
Joy-Global,/Reviews/Joy-Global-Reviews-E316.htm,162
Skechers-USA,/Reviews/Skechers-U-S-A-Reviews-E8575.htm,413
Iasis-Healthcare-LLC,/Reviews/IASIS-Healthcare-Reviews-E11197.htm,108
Huntington-Bancshares-Incorporated,/Reviews/Huntington-National-Bank-Reviews-E1496.htm,823
Tempur-Sealy-International,/Reviews/Tempur-Sealy-International-Reviews-E26592.htm,151
EchoStar,/Reviews/EchoStar-Reviews-E100329.htm,332
CMFG-Life-Insurance,/Reviews/CMFG-Life-Insurance-Reviews-E713160.htm,3
Brown-Forman,/Reviews/Brown-Forman-Reviews-E797.htm,197
Southwestern-Energy,/Reviews/Southwestern-Energy-Reviews-E614.htm,137
CONSOL-Energy,/Reviews/CONSOL-Energy-Reviews-E2751.htm,162
Varian-Medical-Systems,/Reviews/Varian-Medical-Systems-Reviews-E9111.htm,377
BGC-Partners,/Reviews/BGC-Partners-Reviews-E9862.htm,97
Puget-Energy,/Reviews/Puget-Energy-Reviews-E551.htm,1
Amerco,/Reviews/AMERCO-Reviews-E3009.htm,8
Oceaneering-International,/Reviews/Oceaneering-International-Reviews-E1721.htm,363
Steelcase,/Reviews/Steelcase-Reviews-E2993.htm,310
Metaldyne-Performance-Group,/Reviews/Metaldyne-Performance-Group-Reviews-E1339922.htm,10
Scripps-Networks-Interactive,/Reviews/Scripps-Networks-Interactive-Reviews-E38201.htm,275
American-National-Insurance,/Reviews/American-National-Insurance-Reviews-E1121.htm,252
Mercury-General,/Reviews/Mercury-General-Reviews-E1638.htm,251
Graham-Holdings,/Reviews/Graham-Holdings-Reviews-E447348.htm,11
Warner-Music-Group-Corp,/Reviews/Warner-Music-Reviews-E13163.htm,260
Green-Plains,/Reviews/Green-Plains-Reviews-E40862.htm,20
Alpha-Natural-Resources,/Reviews/Alpha-Natural-Resources-Reviews-E32918.htm,96
TECO-Energy,/Reviews/TECO-Energy-Reviews-E637.htm,24
Systemax,/Reviews/Systemax-Reviews-E4326.htm,104
Triple-S-Management,/Reviews/Triple-S-Management-Reviews-E22515.htm,10
StanCorp-Financial-Group,/Reviews/StanCorp-Financial-Group-Reviews-E2988.htm,4
Linn-Energy-LLC,/Reviews/Linn-Energy-Reviews-E38467.htm,61
Weis-Markets,/Reviews/Weis-Markets-Reviews-E725.htm,435
Keysight-Technologies,/Reviews/Keysight-Technologies-Reviews-E877317.htm,284
Penn-National-Gaming,/Reviews/Penn-National-Gaming-Reviews-E2669.htm,190
AmSurg-Corp,/Reviews/AmSurg-Reviews-E7549.htm,45
KLA-Tencor,/Reviews/KLA-Tencor-Reviews-E1557.htm,608
Sanderson-Farms,/Reviews/Sanderson-Farms-Reviews-E1857.htm,110
Bon-Ton-Stores,/Reviews/Bon-Ton-Stores-Reviews-E1375.htm,585
MEDNAX,/Reviews/MEDNAX-Reviews-E4506.htm,195
Global-Payments,/Reviews/Global-Payments-Reviews-E13140.htm,189
Scientific-Games,/Reviews/Scientific-Games-Reviews-E1998.htm,271
Equity-Residential,/Reviews/Equity-Residential-Reviews-E3635.htm,402
New-Jersey-Resources,/Reviews/New-Jersey-Resources-Reviews-E475.htm,6
TransDigm-Group-Incorporated,/Reviews/TransDigm-Reviews-E22279.htm,13
Acuity-Brands,/Reviews/Acuity-Brands-Reviews-E13436.htm,182
Heartland-Payment-Systems,/Reviews/Heartland-Payment-Systems-Reviews-E15462.htm,570
Panera-Bread,/Reviews/Panera-Bread-Reviews-E1493.htm, 4.8k
ArcBest,/Reviews/ArcBest-Reviews-E219270.htm,44
WGL-Holdings,/Reviews/WGL-Holdings-Reviews-E719.htm,4
Pinnacle-Foods,/Reviews/Pinnacle-Foods-Reviews-E6882.htm,205
Kennametal,/Reviews/Kennametal-Reviews-E379.htm,232
KAR-Auction-Services,/Reviews/KAR-Auction-Services-Reviews-E43271.htm,46
WABCO-Holdings,/Reviews/WABCO-Reviews-E43272.htm,106
Valmont-Industries,/Reviews/Valmont-Industries-Reviews-E2008.htm,128
Greenbrier,/Reviews/The-Greenbrier-Reviews-E496908.htm,31
Alexion-Pharmaceuticals,/Reviews/Alexion-Pharmaceuticals-Reviews-E6092.htm,227
Alere,/Reviews/Alere-Reviews-E295450.htm,363
ServiceMaster-Global-Holdings,/Reviews/ServiceMaster-Reviews-E596.htm,412
Apollo-Education-Group,/Reviews/Apollo-Education-Group-Reviews-E3749.htm,681
Meritage-Homes,/Reviews/Meritage-Homes-Reviews-E224.htm,135
Hyster-Yale-Materials-Handling,/Reviews/Hyster-Yale-Materials-Handling-Reviews-E680337.htm,26
Caleres,/Reviews/Caleres-Reviews-E1004830.htm,439
Arch-Coal,/Reviews/Arch-Coal-Reviews-E59.htm,51
Platform-Specialty-Products,/Reviews/Platform-Specialty-Products-Company-Reviews-E1144645.htm,7
Benchmark-Electronics,/Reviews/Benchmark-Electronics-Reviews-E1298.htm,146
AO-Smith,/Reviews/A-O-Smith-Reviews-E753.htm,64
Lincoln-Electric-Holdings,/Reviews/Lincoln-Electric-Reviews-E3658.htm,141
Vornado-Realty-Trust,/Reviews/Vornado-Realty-Reviews-E708.htm,44
Teradata,/Reviews/Teradata-Reviews-E14638.htm, 1.0k
Beacon-Roofing-Supply,/Reviews/Beacon-Roofing-Reviews-E18072.htm,57
National-General-Holdings-Corp,/Reviews/National-General-Insurance-Reviews-E693821.htm,438
Great-Plains-Energy-Incorporated,/Reviews/Great-Plains-Energy-Reviews-E372.htm,1
Mutual-of-America-Life-Insurance,/Reviews/Mutual-of-America-Reviews-E20440.htm,92
Boston-Properties,/Reviews/Boston-Properties-Reviews-E3948.htm,59
Affiliated-Managers-Group,/Reviews/Affiliated-Managers-Group-Reviews-E7172.htm,10
United-Refining,/Reviews/United-Refining-Reviews-E20132.htm,8
Southwest-Gas,/Reviews/Southwest-Gas-Reviews-E612.htm,59
Medical-Mutual-of-Ohio,/Reviews/Medical-Mutual-Reviews-E17987.htm,95
Westar-Energy,/Reviews/Westar-Energy-Reviews-E374.htm,47
Ciena,/Reviews/Ciena-Reviews-E6612.htm,522
Vectren,/Reviews/Vectren-Reviews-E11808.htm,43
Armstrong-World-Industries,/Reviews/Armstrong-World-Industries-Reviews-E2394.htm,135
Kansas-City-Southern,/Reviews/Kansas-City-Southern-Reviews-E19562.htm,38
Enable-Midstream-Partners,/Reviews/Enable-Midstream-Partners-Reviews-E817428.htm,42
Cliffs-Natural-Resources,/Reviews/Cliffs-Natural-Resources-Reviews-E157.htm,70
General-Growth-Properties,/Reviews/GGP-Reviews-E2317.htm,190
California-Resources,/Reviews/California-Resources-Reviews-E921287.htm,45
TRI-Pointe-Group,/Reviews/TRI-Pointe-Reviews-E423132.htm,6
Mettler-Toledo-International,/Reviews/Mettler-Toledo-Reviews-E7144.htm,217
SPX-FLOW,/Reviews/SPX-Flow-Reviews-E1077274.htm,51
Intuitive-Surgical-Inc,/Reviews/Intuitive-Surgical-Reviews-E8090.htm,202
Public-Storage,/Reviews/Public-Storage-Reviews-E626.htm,885
Stifel-Financial-Corp,/Reviews/Stifel-Financial-Reviews-E388861.htm,228
Pool,/Reviews/Leslie-s-Swimming-Pool-Supplies-Reviews-E1707.htm,322
Kemper,/Reviews/Kemper-Reviews-E3676.htm,276
EQT,/Reviews/EQT-Corporation-Reviews-E233.htm,65
Nationstar-Mortgage-Holdings,/Reviews/Nationstar-Mortgage-Reviews-E17849.htm,771
inVentiv-Health,/Reviews/inVentiv-Health-Reviews-E9919.htm,680
Hawaiian-Holdings,/Reviews/First-Hawaiian-Bank-Reviews-E17256.htm,81
AptarGroup,/Reviews/AptarGroup-Reviews-E2310.htm,60
Maxim-Integrated-Products,/Reviews/Maxim-Integrated-Reviews-E1624.htm,676
Coca-Cola-Bottling-Co-Consolidated,/Reviews/Coca-Cola-Bottling-Co-Consolidated-Reviews-E1272.htm,381
Vishay-Intertechnology,/Reviews/Vishay-Siliconix-Reviews-E706.htm,83
Tetra-Tech,/Reviews/Tetra-Tech-Reviews-E1775.htm,381
Teledyne-Technologies-Incorporated,/Reviews/Teledyne-Technologies-Reviews-E9818.htm,278
Pinnacle-Entertainment,/Reviews/Pinnacle-Entertainment-Reviews-E1996.htm,142
Trimble-Navigation-Limited,/Reviews/Trimble-Reviews-E2067.htm,350
Penn-Mutual-Life-Insurance-Co,/Reviews/Penn-Mutual-Reviews-E2930.htm,121
Sears-Hometown-and-Outlet-Stores,/Reviews/Sears-Hometown-and-Outlet-Stores-Reviews-E1048934.htm,163
Tupperware-Brands,/Reviews/Tupperware-Reviews-E5798.htm,113
Brocade-Communications-Systems,/Reviews/Brocade-Reviews-E9183.htm,801
Wayfair,/Reviews/Wayfair-Reviews-E134525.htm,893
Nu-Skin-Enterprises,/Reviews/Nu-Skin-Reviews-E6418.htm,191
Amica-Mutual-Insurance-Co,/Reviews/Amica-Mutual-Reviews-E3666.htm,236
Sinclair-Broadcast-Group,/Reviews/Sinclair-Broadcast-Group-Reviews-E4585.htm,370
Twitter,/Reviews/Twitter-Reviews-E100569.htm,639
Boyd-Gaming,/Reviews/Boyd-Gaming-Reviews-E2442.htm,248
Akamai-Technologies,/Reviews/Akamai-Reviews-E9219.htm,932
Prologis,/Reviews/Ultra-Electronics-Reviews-E16014.htm,241
OGE-Energy-Corp,/Reviews/OGE-Energy-Reviews-E494.htm,43
Outerwall,/Reviews/Outerwall-Reviews-E720169.htm,127
OneMain-Holdings,/Reviews/OneMain-Reviews-E13598.htm,473
Magellan-Midstream-Partners,/Reviews/Magellan-Midstream-Reviews-E12837.htm,20
Knights-of-Columbus,/Reviews/Knights-of-Columbus-Reviews-E19051.htm,118
Symetra-Financial,/Reviews/Symetra-Reviews-E37751.htm,213
Hovnanian-Enterprises,/Reviews/K-Hovnanian-Homes-Reviews-E302945.htm,157
Kirby,/Reviews/Kirby-Company-Reviews-E8726.htm,144
Microchip-Technology-Incorporated,/Reviews/Microchip-Technology-Reviews-E2298.htm,507
Herman-Miller,/Reviews/Herman-Miller-Reviews-E1485.htm,212
Spirit-Airlines,/Reviews/Spirit-Airlines-Reviews-E13683.htm,231
hhgregg,/Reviews/hhgregg-Reviews-E19487.htm, 1.2k
Popular,/Reviews/Banco-Popular-De-Puerto-Rico-Reviews-E264431.htm,106
Waste-Connections,/Reviews/Waste-Connections-Reviews-E7903.htm,125
Restoration-Hardware-Holdings,/Reviews/Restoration-Hardware-Reviews-E8200.htm,593
Mueller-Industries,/Reviews/Mueller-Industries-Reviews-E823.htm,36
TTM-Technologies,/Reviews/TTM-Technologies-Reviews-E12135.htm,87
Werner-Enterprises,/Reviews/Werner-Enterprises-Reviews-E2034.htm,403
Engility-Holdings,/Reviews/Engility-Reviews-E286019.htm,385
NuStar-Energy,/Reviews/NuStar-Energy-Reviews-E12421.htm,47
HB-Fuller,/Reviews/H-B-Fuller-Reviews-E1463.htm,93
Vista-Outdoor,/Reviews/Vista-Outdoor-Reviews-E992811.htm,49
On-Assignment,/Reviews/On-Assignment-Reviews-E733426.htm,41
Verisk-Analytics,/Reviews/Verisk-Analytics-Reviews-E140233.htm,173
Par-Pacific-Holdings,/Reviews/Par-Pacific-Holdings-Reviews-E1460669.htm,2
Whiting-Petroleum,/Reviews/Whiting-Petroleum-Reviews-E20185.htm,37
Waters,/Reviews/Nestlé-Waters-North-America-Reviews-E20686.htm,452
Woodward,/Reviews/Woodward-Reviews-E6676.htm,219
Stewart-Information-Services,/Reviews/Stewart-Title-Reviews-E19759.htm,278
PharMerica,/Reviews/PharMerica-Reviews-E894.htm,238
Wabash-National,/Reviews/Wabash-National-Reviews-E2009.htm,54
Ferrellgas-Partners,/Reviews/Ferrellgas-Partners-Reviews-E3171.htm,134
Dycom-Industries,/Reviews/Dycom-Reviews-E1351.htm,50
Bio-Rad-Laboratories,/Reviews/Bio-Rad-Laboratories-Reviews-E789.htm,429
QEP-Resources,/Reviews/QEP-Resources-Reviews-E24542.htm,33
VeriFone-Systems,/Reviews/Verifone-Reviews-E1495.htm,359
Genesee-and-Wyoming,/Reviews/Genesee-and-Wyoming-Reviews-E6165.htm,57
99-Cents-Only-Stores-LLC,/Reviews/99-Cents-Only-Reviews-E5975.htm,290
Roadrunner-Transportation-Systems,/Reviews/Roadrunner-Transportation-Systems-Reviews-E26178.htm,82
Super-Micro-Computer,/Reviews/Super-Micro-Computer-Inc-Supermicro-Reviews-E7993.htm,215
Hill-Rom-Holdings,/Reviews/Hill-Rom-Reviews-E19740.htm,270
Providence-Service,/Reviews/Providence-Service-Reviews-E15586.htm,21
Allison-Transmission-Holdings,/Reviews/Allison-Transmission-Reviews-E40116.htm,102
WPX-Energy,/Reviews/WPX-Energy-Reviews-E506427.htm,44
Century-Aluminum,/Reviews/Century-Aluminum-Reviews-E5383.htm,23
Primoris-Services,/Reviews/Primoris-Reviews-E229939.htm,14
Schnitzer-Steel-Industries,/Reviews/Schnitzer-Steel-Reviews-E2475.htm,113
Cenveo,/Reviews/Cenveo-Reviews-E4510.htm,158
F5-Networks,/Reviews/F5-Networks-Reviews-E9222.htm,584
BlueLinx-Holdings,/Reviews/BlueLinx-Reviews-E37540.htm,100
Revlon,/Reviews/Revlon-Reviews-E5812.htm,177
DeVry-Education-Group,/Reviews/DeVry-Education-Group-Reviews-E2073.htm,434
MDC-Holdings,/Reviews/MDC-Holdings-Reviews-E3567.htm,30
EP-Energy,/Reviews/EP-Energy-Reviews-E638570.htm,48
New-York-Community-Bancorp,/Reviews/New-York-Community-Bancorp-Reviews-E2492.htm,236
DCP-Midstream-Partners,/Reviews/DCP-Midstream-LP-Reviews-E113394.htm,147
Briggs-and-Stratton,/Reviews/Briggs-and-Stratton-Reviews-E106.htm,178
Berkshire-Hathaway,/Reviews/Berkshire-Hathaway-HomeServices-Reviews-E805672.htm,263
ConAgra-Foods,/Reviews/Conagra-Brands-Reviews-E172.htm,873
Twenty-First-Century-Fox,/Reviews/21st-Century-Fox-Reviews-E718979.htm,36
AES,/Reviews/AES-Corporation-Reviews-E291.htm,299
Estee-Lauder,/Reviews/Estée-Lauder-Companies-Reviews-E2785.htm,960
Global-Partners,/Reviews/Global-Partners-Reviews-E2798.htm,59
Western-Refining,/Reviews/Andeavor-Reviews-E1743656.htm,13
Reliance-Steel-and-Aluminum-Co,/Reviews/Reliance-Steel-Reviews-E3693.htm,28
UGI,/Reviews/UGI-Reviews-E684.htm,19
Targa-Resources-Corp,/Reviews/Targa-Reviews-E42428.htm,35
Hess,/Reviews/Hess-Corporation-Reviews-E30.htm,304
American-Financial-Group,/Reviews/First-American-Reviews-E2526.htm,681
Old-Republic-International,/Reviews/Old-Republic-Title-Reviews-E26813.htm,73
Delek-US-Holdings,/Reviews/Delek-US-Reviews-E24268.htm,33
Peabody-Energy,/Reviews/Peabody-Reviews-E8046.htm,100
Seaboard,/Reviews/Seaboard-Transport-Reviews-E477833.htm,31
Envision-Healthcare-Holdings,/Reviews/Envision-Healthcare-Reviews-E39449.htm,54
Host-Hotels-and-Resorts,/Reviews/Host-Hotels-and-Resorts-Reviews-E305.htm,8
Telephone-and-Data-Systems,/Reviews/TDS-Reviews-E1033.htm,41
Fortune-Brands-Home-and-Security,/Reviews/Fortune-Brands-Home-and-Security-Reviews-E31.htm,14
MDU-Resources-Group,/Reviews/MDU-Resources-Reviews-E419.htm,13
CF-Industries-Holdings,/Reviews/CF-Industries-Reviews-E2744.htm,66
Calumet-Specialty-Products-Partners,/Reviews/Calumet-Specialty-Products-Reviews-E40152.htm,47
Brunswick,/Reviews/Brunswick-Reviews-E111.htm,70
Silgan-Holdings,/Reviews/Silgan-Containers-Reviews-E19393.htm,93
CalAtlantic-Group,/Reviews/CalAtlantic-Homes-Reviews-E1151884.htm,25
Pinnacle-West-Capital,/Reviews/Pinnacle-West-Reviews-E534.htm,15
Moody's,/Reviews/Intertek-Reviews-E15251.htm,615
Sprague-Resources,/Reviews/Sprague-Energy-Reviews-E40202.htm,10
Darling-Ingredients,/Reviews/Darling-International-Reviews-E2759.htm,52
Hubbell-Incorporated,/Reviews/Coldwell-Banker-Reviews-E13952.htm,654
Diplomat-Pharmacy,/Reviews/Diplomat-Specialty-Pharmacy-Reviews-E354674.htm,87
Cooper-Standard-Holdings,/Reviews/Cooper-Standard-Automotive-Reviews-E13563.htm,99
Helmerich-and-Payne,/Reviews/Helmerich-and-Payne-Reviews-E23254.htm,94
Carter's,/Reviews/Carter-s-Reviews-E6540.htm,684
Carlyle-Group,/Reviews/The-Carlyle-Group-Reviews-E3670.htm,97
Northern-Tier-Energy,/Reviews/Andeavor-Reviews-E1743656.htm,13
Service-International,/Reviews/Service-Corporation-International-Reviews-E594.htm,547
Universal-Forest-Products,/Reviews/Universal-Forest-Products-Reviews-E2368.htm,72
PriceSmart,/Reviews/PriceSmart-Reviews-E7189.htm,20
Superior-Energy-Services,/Reviews/Superior-Energy-Reviews-E1698.htm,98
Hain-Celestial-Group,/Reviews/Hain-Celestial-Reviews-E4604.htm,100
Continental-Resources,/Reviews/Continental-Resources-Oklahoma-Reviews-E40790.htm,35
