Ingram-Micro,/Reviews/Ingram-Micro-Reviews-E5794.htm, 928
Tyson-Foods,/Reviews/Tyson-Foods-Reviews-E1975.htm, 699
Gilead-Sciences,/Reviews/Gilead-Sciences-Reviews-E2016.htm, 597
Mondelez-International,,
Rite-Aid,,
United-Services-Automobile-Association,/Reviews/USAA-Reviews-E3033.htm, 2.1k
Arrow-Electronics-Inc,,
US-Foods-Holding-Corp,,
AbbVie,/Reviews/AbbVie-Reviews-E649837.htm, 773
Centene,,
US-Bancorp,,
Dollar-General,/Reviews/Dollar-General-Reviews-E1342.htm, 4.2k
Starbucks,/Reviews/Starbucks-Reviews-E2202.htm, 15k
Kimberly-Clark,/Reviews/Kimberly-Clark-Reviews-E383.htm, 1.1k
PGandE,,
Bristol-Myers-Squibb,/Reviews/Bristol-Myers-Squibb-Reviews-E107.htm, 1.3k
PNC-Financial-Services-Group,/Reviews/PNC-Financial-Services-Group-Reviews-E507.htm, 3.7k
Colgate-Palmolive,,
National-Oilwell-Varco,,
NRG-Energy,/Reviews/NRG-Energy-Reviews-E11895.htm, 375
Western-Digital,/Reviews/Western-Digital-Reviews-E1067.htm, 838
Aramark,/Reviews/Aramark-Reviews-E2716.htm, 4.0k
Molina-Healthcare,/Reviews/Molina-Healthcare-Reviews-E15828.htm, 787
Land-O'Lakes,,
Texas-Instruments-Incorporated,,
Ross-Stores,/Reviews/Ross-Stores-Reviews-E1843.htm, 3.4k
"Toys-""R""-Us",,
Voya-Financial,/Reviews/Voya-Financial-Reviews-E816322.htm, 264
Reynolds-American,/Reviews/Reynolds-American-Reviews-E7736.htm, 568
Norfolk-Southern,/Reviews/Norfolk-Southern-Reviews-E483.htm, 574
Precision-Castparts-Corp,,
Discover-Financial-Services,,
WW-Grainger,,
Charter-Communications,,
Sonic-Automotive-Inc,/Reviews/Sonic-Automotive-Reviews-E7094.htm, 220
MGM-Resorts-International,,
Univar,/Reviews/Univar-Reviews-E14183.htm, 363
Anadarko-Petroleum,,
Avis-Budget-Group,/Reviews/Avis-Budget-Group-Reviews-E7303.htm, 1.4k
Level-3-Communications,,
Dean-Foods,,
O'Reilly-Automotive,,
Lithia-Motors,/Reviews/Lithia-Motors-Reviews-E6507.htm, 164
ONEOK,/Reviews/ONEOK-Reviews-E490.htm, 98
Newmont-Mining,/Reviews/Newmont-Mining-Reviews-E479.htm, 194
SpartanNash,/Reviews/SpartanNash-Reviews-E786062.htm, 118
Quanta-Services,/Reviews/Quanta-Services-Reviews-E7594.htm, 55
XPO-Logistics,/Reviews/XPO-Logistics-Reviews-E615153.htm, 1.3k
Steel-Dynamics,/Reviews/Steel-Dynamics-Reviews-E6441.htm, 46
WESCO-International,/Reviews/WESCO-International-Reviews-E7599.htm, 272
Quest-Diagnostics-Incorporated,/Reviews/Quest-Diagnostics-Reviews-E6655.htm, 1.6k
Boston-Scientific,,
Foot-Locker,/Reviews/Foot-Locker-Reviews-E238.htm, 1.0k
CenterPoint-Energy,/Reviews/CenterPoint-Energy-Reviews-E338.htm, 233
Live-Nation-Entertainment,/Reviews/Live-Nation-Entertainment-Reviews-E7601.htm, 534
WR-Berkley,/Reviews/W-R-Berkley-Reviews-E2020.htm, 74
Kindred-Healthcare,/Reviews/Kindred-Healthcare-Reviews-E8220.htm, 1.3k
Fifth-Third-Bancorp,,
Huntington-Ingalls-Industries,/Reviews/Huntington-Ingalls-Industries-Reviews-E398616.htm, 356
Netflix,,
salesforcecom,,
Ryder-System,/Reviews/Ryder-System-Reviews-E575.htm, 837
Terex,/Reviews/Terex-Reviews-E1954.htm, 371
Coca-Cola-European-Partners,/Reviews/Coca-Cola-European-Partners-Reviews-E1375664.htm, 15
Auto-Owners-Insurance-Group,/Reviews/Auto-Owners-Insurance-Reviews-E16164.htm, 276
Cablevision-Systems,/Reviews/Cablevision-Systems-Reviews-E802.htm, 826
Symantec,/Reviews/Symantec-Reviews-E1931.htm, 3.2k
Charles-Schwab,/Reviews/Charles-Schwab-Reviews-E144.htm, 1.8k
CMS-Energy,/Reviews/CMS-Energy-Reviews-E120.htm, 9
Alliance-Data-Systems,,
Discovery-Communications,,
Trinity-Industries,,
Sanmina,/Reviews/Sanmina-Reviews-E2322.htm, 405
FMC-Technologies,/Reviews/FMC-Technologies-Reviews-E13228.htm, 644
Erie-Insurance-Group,,
Rockwell-Automation,/Reviews/Rockwell-Automation-Reviews-E567.htm, 1.0k
Dr-Pepper-Snapple-Group,,
iHeartMedia,,
Owens-Illinois,/Reviews/Owens-Illinois-Reviews-E2129.htm, 178
NetApp,/Reviews/NetApp-Reviews-E5406.htm, 2.6k
Graybar-Electric,/Reviews/Graybar-Electric-Reviews-E2804.htm, 311
Ameren,,
A-Mark-Precious-Metals,/Reviews/A-Mark-Precious-Metals-Reviews-E2697.htm, 2
Constellation-Brands,/Reviews/Constellation-Brands-Reviews-E805.htm, 153
LifePoint-Health,/Reviews/LifePoint-Health-Reviews-E9321.htm, 115
Newell-Brands,/Reviews/Newell-Brands-Reviews-E1269885.htm, 184
Avery-Dennison,/Reviews/Avery-Dennison-Reviews-E65.htm, 589
Jones-Lang-LaSalle-Incorporated,/Reviews/JLL-Reviews-E5779.htm, 1.8k
WEC-Energy-Group,/Reviews/WEC-Energy-Group-Reviews-E1103041.htm, 27
Marathon-Oil,,
TravelCenters-of-America-LLC,/Reviews/TravelCenters-of-America-Reviews-E4696.htm, 285
United-Rentals,/Reviews/United-Rentals-Reviews-E7395.htm, 425
HRG-Group,/Reviews/HRG-Group-Reviews-E748.htm, 3
Quintiles-Transnational-Holdings,,
Hanesbrands,/Reviews/Hanesbrands-Reviews-E13758.htm, 313
Mattel,,
Motorola-Solutions,/Reviews/Motorola-Solutions-Reviews-E427189.htm, 1.5k
Regions-Financial,/Reviews/Regions-Financial-Reviews-E1397.htm, 1.2k
Frontier-Communications,/Reviews/Frontier-Communications-Reviews-E131305.htm, 1.2k
Lansing-Trade-Group-LLC,/Reviews/Lansing-Trade-Group-Reviews-E490163.htm, 14
SanDisk,/Reviews/SanDisk-Reviews-E4479.htm, 584
Wyndham-Worldwide,/Reviews/Wyndham-Worldwide-Reviews-E40166.htm, 813
Kelly-Services,/Reviews/Kelly-Services-Reviews-E1564.htm, 2.9k
Western-Union,/Reviews/Western-Union-Reviews-E14655.htm, 698
Visteon,/Reviews/Visteon-Reviews-E8638.htm, 327
Energy-Future-Holdings-Corp,/Reviews/Energy-Future-Holdings-Reviews-E653.htm, 74
Essendant,,
Western-and-Southern-Mutual-Holding,,
Owens-Corning,,
SandP-Global,,
Raymond-James-Financial,/Reviews/Raymond-James-Financial-Reviews-E559.htm, 640
Airgas,/Reviews/Airgas-Reviews-E18.htm, 532
ABM-Industries-Incorporated,/Reviews/ABM-Industries-Reviews-E32.htm, 786
Booz-Allen-Hamilton-Holding-Corp,,
Simon-Property-Group,/Reviews/Simon-Property-Group-Reviews-E2458.htm, 347
Domtar,/Reviews/Domtar-Reviews-E5883.htm, 107
Lam-Research,/Reviews/Lam-Research-Reviews-E1582.htm, 497
Fiserv,/Reviews/Fiserv-Reviews-E1384.htm, 2.1k
Navient,/Reviews/Navient-Reviews-E807453.htm, 166
Big-Lots,,
Cincinnati-Financial,/Reviews/Cincinnati-Financial-Reviews-E1255.htm, 107
Burlington-Stores,,
NVIDIA,,
MandT-Bank,,
Rush-Enterprises,/Reviews/Rush-Enterprises-Reviews-E5946.htm, 119
Sonoco-Products,/Reviews/Sonoco-Products-Reviews-E1890.htm, 263
Brookdale-Senior-Living,,
Tutor-Perini,/Reviews/Tutor-Perini-Reviews-E979.htm, 64
Juniper-Networks,/Reviews/Juniper-Networks-Reviews-E7224.htm, 1.8k
Northern-Trust,/Reviews/Northern-Trust-Reviews-E1710.htm, 1.4k
YRC-Worldwide,/Reviews/YRC-Worldwide-Reviews-E2050.htm, 155
Pioneer-Natural-Resources,/Reviews/Pioneer-Natural-Resources-Reviews-E3571.htm, 143
Ascena-Retail-Group,/Reviews/Ascena-Retail-Group-Reviews-E705999.htm, 93
Adobe-Systems-Incorporated,/Reviews/Adobe-Reviews-E1090.htm, 2.8k
American-Tower,/Reviews/American-Tower-Reviews-E8043.htm, 295
Zoetis,,
Polaris-Industries,/Reviews/Polaris-Industries-Reviews-E985.htm, 221
Intercontinental-Exchange,/Reviews/Intercontinental-Exchange-Reviews-E13785.htm, 207
Quad/Graphics,,
Activision-Blizzard,/Reviews/Activision-Blizzard-Reviews-E605784.htm, 115
Caesars-Entertainment,/Reviews/Caesars-Entertainment-Reviews-E367190.htm, 1.1k
Post-Holdings,/Reviews/Post-Holdings-Reviews-E826249.htm, 3
Magellan-Health,/Reviews/Magellan-Health-Reviews-E2201.htm, 430
RPM-International,/Reviews/RPM-International-Reviews-E1818.htm, 21
Flowserve,/Reviews/Flowserve-Reviews-E1350.htm, 445
KeyCorp,/Reviews/KeyBank-Reviews-E381.htm, 1.1k
MRC-Global,/Reviews/MRC-Global-Reviews-E722241.htm, 62
Keurig-Green-Mountain,/Reviews/Keurig-Green-Mountain-Reviews-E4869.htm, 374
Electronic-Arts,,
General-Cable,/Reviews/General-Cable-Reviews-E6763.htm, 137
Cintas,,
Talen-Energy,/Reviews/Talen-Energy-Reviews-E1011866.htm, 47
Westlake-Chemical,/Reviews/Westlake-Chemical-Reviews-E15202.htm, 42
Cerner,,
Valspar,/Reviews/Valspar-Reviews-E2568.htm, 369
Bloomin'-Brands,/Reviews/Bloomin-Brands-Reviews-E671664.htm, 114
Orbital-ATK,,
VWR,/Reviews/VWR-Reviews-E25908.htm, 433
Alon-USA-Energy,/Reviews/Alon-USA-Energy-Reviews-E17367.htm, 13
Swift-Transportation,/Reviews/Swift-Transportation-Reviews-E2065.htm, 535
Toll-Brothers,/Reviews/Toll-Brothers-Reviews-E667.htm, 254
Atmos-Energy,/Reviews/Atmos-Energy-Reviews-E63.htm, 97
Hexion,/Reviews/Hexion-Reviews-E949958.htm, 53
Watsco,/Reviews/Watsco-Reviews-E1060.htm, 11
Regeneron-Pharmaceuticals,/Reviews/Regeneron-Pharmaceuticals-Reviews-E981.htm, 378
Wynn-Resorts-Limited,,
Agilent-Technologies,/Reviews/Agilent-Technologies-Reviews-E9711.htm, 973
Torchmark,/Reviews/Torchmark-Reviews-E669.htm, 120
Smart-and-Final-Stores,,
Under-Armour,,
Antero-Resources,/Reviews/Antero-Resources-Reviews-E270805.htm, 11
AGL-Resources,/Reviews/AGL-Resources-Reviews-E62.htm, 75
Dynegy,/Reviews/Dynegy-Reviews-E2914.htm, 54
Fastenal,/Reviews/Fastenal-Reviews-E1391.htm, 1.8k
Welltower,/Reviews/Welltower-Reviews-E1166198.htm, 39
CNO-Financial-Group,/Reviews/CNO-Financial-Group-Reviews-E173.htm, 159
CommScope-Holding,,
Axiall,/Reviews/Axiall-Reviews-E666402.htm, 67
Ingles-Markets-Incorporated,/Reviews/Ingles-Markets-Reviews-E1515.htm, 416
Flowers-Foods,,
Crown-Castle-International-Corp,/Reviews/Crown-Castle-Reviews-E8416.htm, 245
Allegheny-Technologies-Incorporated,/Reviews/Allegheny-Technologies-Reviews-E644.htm, 233
HSN,,
Zebra-Technologies,/Reviews/Zebra-Technologies-Reviews-E2089.htm, 373
Resolute-Forest-Products,/Reviews/Resolute-Forest-Products-Reviews-E495128.htm, 74
Boise-Cascade,/Reviews/Boise-Cascade-Reviews-E37819.htm, 75
Sprouts-Farmers-Market,/Reviews/Sprouts-Farmers-Market-Reviews-E134467.htm, 1.3k
Roper-Technologies,/Reviews/Roper-Technologies-Reviews-E930.htm, 11
First-Solar,/Reviews/First-Solar-Reviews-E41703.htm, 250
Pitney-Bowes,/Reviews/Pitney-Bowes-Reviews-E535.htm, 1.3k
Builders-FirstSource,/Reviews/Builders-FirstSource-Reviews-E11189.htm, 51
Martin-Marietta-Materials,/Reviews/Martin-Marietta-Materials-Reviews-E3568.htm, 120
Hub-Group,,
American-Eagle-Outfitters,/Reviews/American-Eagle-Outfitters-Reviews-E2642.htm, 2.7k
Regal-Beloit,/Reviews/Regal-Beloit-Reviews-E994.htm, 185
COUNTRY-Financial,/Reviews/COUNTRY-Financial-Reviews-E17480.htm, 430
Tailored-Brands,/Reviews/Tailored-Brands-Reviews-E1335240.htm, 21
ON-Semiconductor,/Reviews/ON-Semiconductor-Reviews-E9708.htm, 362
Buckeye-Partners,/Reviews/Buckeye-Partners-Reviews-E113.htm, 41
Urban-Outfitters,/Reviews/Urban-Outfitters-Reviews-E2372.htm, 1.8k
Analog-Devices,/Reviews/Analog-Devices-Reviews-E49.htm, 530
Vulcan-Materials,/Reviews/Vulcan-Materials-Reviews-E709.htm, 100
Murphy-Oil,/Reviews/Murphy-Oil-Reviews-E453.htm, 135
Nasdaq,/Reviews/Nasdaq-Reviews-E12152.htm, 342
Worthington-Industries,/Reviews/Worthington-Industries-Reviews-E2046.htm, 126
Clean-Harbors,,
Skyworks-Solutions,,
TEGNA,/Reviews/TEGNA-Reviews-E1018607.htm, 101
IAC/InterActiveCorp,,
TreeHouse-Foods,/Reviews/TreeHouse-Foods-Reviews-E38979.htm, 69
Joy-Global,/Reviews/Joy-Global-Reviews-E316.htm, 162
Vantiv,,
Skechers-USA,/Reviews/Skechers-U-S-A-Reviews-E8575.htm, 413
Iasis-Healthcare-LLC,/Reviews/IASIS-Healthcare-Reviews-E11197.htm, 108
Huntington-Bancshares-Incorporated,/Reviews/Huntington-National-Bank-Reviews-E1496.htm, 823
Tempur-Sealy-International,/Reviews/Tempur-Sealy-International-Reviews-E26592.htm, 151
EchoStar,/Reviews/EchoStar-Reviews-E100329.htm, 332
CMFG-Life-Insurance,/Reviews/CMFG-Life-Insurance-Reviews-E713160.htm, 3
Brown-Forman,/Reviews/Brown-Forman-Reviews-E797.htm, 197
Noble-Energy,,
Southwestern-Energy,/Reviews/Southwestern-Energy-Reviews-E614.htm, 137
CONSOL-Energy,/Reviews/CONSOL-Energy-Reviews-E2751.htm, 162
Varian-Medical-Systems,/Reviews/Varian-Medical-Systems-Reviews-E9111.htm, 377
BGC-Partners,/Reviews/BGC-Partners-Reviews-E9862.htm, 97
Puget-Energy,/Reviews/Puget-Energy-Reviews-E551.htm, 1
HandR-Block,,
Amerco,/Reviews/AMERCO-Reviews-E3009.htm, 8
Oceaneering-International,/Reviews/Oceaneering-International-Reviews-E1721.htm, 363
Steelcase,/Reviews/Steelcase-Reviews-E2993.htm, 310
Metaldyne-Performance-Group,/Reviews/Metaldyne-Performance-Group-Reviews-E1339922.htm, 10
Scripps-Networks-Interactive,/Reviews/Scripps-Networks-Interactive-Reviews-E38201.htm, 275
American-National-Insurance,/Reviews/American-National-Insurance-Reviews-E1121.htm, 252
Mercury-General,/Reviews/Mercury-General-Reviews-E1638.htm, 251
LinkedIn,,
Graham-Holdings,/Reviews/Graham-Holdings-Reviews-E447348.htm, 11
Taylor-Morrison-Home,,
Warner-Music-Group-Corp,/Reviews/Warner-Music-Reviews-E13163.htm, 260
Green-Plains,/Reviews/Green-Plains-Reviews-E40862.htm, 20
Alpha-Natural-Resources,/Reviews/Alpha-Natural-Resources-Reviews-E32918.htm, 96
TECO-Energy,/Reviews/TECO-Energy-Reviews-E637.htm, 24
Systemax,/Reviews/Systemax-Reviews-E4326.htm, 104
Triple-S-Management,/Reviews/Triple-S-Management-Reviews-E22515.htm, 10
StanCorp-Financial-Group,/Reviews/StanCorp-Financial-Group-Reviews-E2988.htm, 4
Linn-Energy-LLC,/Reviews/Linn-Energy-Reviews-E38467.htm, 61
Weis-Markets,/Reviews/Weis-Markets-Reviews-E725.htm, 435
Keysight-Technologies,/Reviews/Keysight-Technologies-Reviews-E877317.htm, 284
Penn-National-Gaming,/Reviews/Penn-National-Gaming-Reviews-E2669.htm, 190
AmSurg-Corp,/Reviews/AmSurg-Reviews-E7549.htm, 45
KLA-Tencor,/Reviews/KLA-Tencor-Reviews-E1557.htm, 608
Sanderson-Farms,/Reviews/Sanderson-Farms-Reviews-E1857.htm, 110
Bon-Ton-Stores,/Reviews/Bon-Ton-Stores-Reviews-E1375.htm, 585
KapStone-Paper-and-Packaging,,
MEDNAX,/Reviews/MEDNAX-Reviews-E4506.htm, 195
Global-Payments,/Reviews/Global-Payments-Reviews-E13140.htm, 189
Scientific-Games,/Reviews/Scientific-Games-Reviews-E1998.htm, 271
Equity-Residential,/Reviews/Equity-Residential-Reviews-E3635.htm, 402
New-Jersey-Resources,/Reviews/New-Jersey-Resources-Reviews-E475.htm, 6
B/E-Aerospace,,
Equinix,,
TransDigm-Group-Incorporated,/Reviews/TransDigm-Reviews-E22279.htm, 13
Acuity-Brands,/Reviews/Acuity-Brands-Reviews-E13436.htm, 182
Wolverine-World-Wide,,
Heartland-Payment-Systems,/Reviews/Heartland-Payment-Systems-Reviews-E15462.htm, 570
Panera-Bread,/Reviews/Panera-Bread-Reviews-E1493.htm, 4.8k
DENTSPLY-SIRONA,,
ArcBest,/Reviews/ArcBest-Reviews-E219270.htm, 44
Equifax,,
WGL-Holdings,/Reviews/WGL-Holdings-Reviews-E719.htm, 4
Pinnacle-Foods,/Reviews/Pinnacle-Foods-Reviews-E6882.htm, 205
Kennametal,/Reviews/Kennametal-Reviews-E379.htm, 232
KAR-Auction-Services,/Reviews/KAR-Auction-Services-Reviews-E43271.htm, 46
Crestwood-Equity-Partners,,
WABCO-Holdings,/Reviews/WABCO-Reviews-E43272.htm, 106
Valmont-Industries,/Reviews/Valmont-Industries-Reviews-E2008.htm, 128
Greenbrier,/Reviews/The-Greenbrier-Reviews-E496908.htm, 31
Alexion-Pharmaceuticals,/Reviews/Alexion-Pharmaceuticals-Reviews-E6092.htm, 227
Insperity,,
Alere,/Reviews/Alere-Reviews-E295450.htm, 363
ServiceMaster-Global-Holdings,/Reviews/ServiceMaster-Reviews-E596.htm, 412
Apollo-Education-Group,/Reviews/Apollo-Education-Group-Reviews-E3749.htm, 681
AMC-Networks,,
Meritage-Homes,/Reviews/Meritage-Homes-Reviews-E224.htm, 135
Hyster-Yale-Materials-Handling,/Reviews/Hyster-Yale-Materials-Handling-Reviews-E680337.htm, 26
Caleres,/Reviews/Caleres-Reviews-E1004830.htm, 439
Arch-Coal,/Reviews/Arch-Coal-Reviews-E59.htm, 51
Mattress-Firm-Holding-Corp,,
Platform-Specialty-Products,/Reviews/Platform-Specialty-Products-Company-Reviews-E1144645.htm, 7
Benchmark-Electronics,/Reviews/Benchmark-Electronics-Reviews-E1298.htm, 146
AO-Smith,/Reviews/A-O-Smith-Reviews-E753.htm, 64
Lincoln-Electric-Holdings,/Reviews/Lincoln-Electric-Reviews-E3658.htm, 141
Vornado-Realty-Trust,/Reviews/Vornado-Realty-Reviews-E708.htm, 44
Teradata,/Reviews/Teradata-Reviews-E14638.htm, 1.0k
Beacon-Roofing-Supply,/Reviews/Beacon-Roofing-Reviews-E18072.htm, 57
National-General-Holdings-Corp,/Reviews/National-General-Insurance-Reviews-E693821.htm, 438
Aretec-Group,,
Great-Plains-Energy-Incorporated,/Reviews/Great-Plains-Energy-Reviews-E372.htm, 1
Mutual-of-America-Life-Insurance,/Reviews/Mutual-of-America-Reviews-E20440.htm, 92
Edwards-Lifesciences,,
Boston-Properties,/Reviews/Boston-Properties-Reviews-E3948.htm, 59
Affiliated-Managers-Group,/Reviews/Affiliated-Managers-Group-Reviews-E7172.htm, 10
Tops-Holding-II,,
United-Refining,/Reviews/United-Refining-Reviews-E20132.htm, 8
Southwest-Gas,/Reviews/Southwest-Gas-Reviews-E612.htm, 59
Medical-Mutual-of-Ohio,/Reviews/Medical-Mutual-Reviews-E17987.htm, 95
Westar-Energy,/Reviews/Westar-Energy-Reviews-E374.htm, 47
Ciena,/Reviews/Ciena-Reviews-E6612.htm, 522
Vectren,/Reviews/Vectren-Reviews-E11808.htm, 43
Edgewell-Personal-Care,,
Armstrong-World-Industries,/Reviews/Armstrong-World-Industries-Reviews-E2394.htm, 135
Kansas-City-Southern,/Reviews/Kansas-City-Southern-Reviews-E19562.htm, 38
Enable-Midstream-Partners,/Reviews/Enable-Midstream-Partners-Reviews-E817428.htm, 42
Cliffs-Natural-Resources,/Reviews/Cliffs-Natural-Resources-Reviews-E157.htm, 70
General-Growth-Properties,/Reviews/GGP-Reviews-E2317.htm, 190
California-Resources,/Reviews/California-Resources-Reviews-E921287.htm, 45
TRI-Pointe-Group,/Reviews/TRI-Pointe-Reviews-E423132.htm, 6
Mettler-Toledo-International,/Reviews/Mettler-Toledo-Reviews-E7144.htm, 217
A-Schulman,,
SPX-FLOW,/Reviews/SPX-Flow-Reviews-E1077274.htm, 51
Intuitive-Surgical-Inc,/Reviews/Intuitive-Surgical-Reviews-E8090.htm, 202
Public-Storage,/Reviews/Public-Storage-Reviews-E626.htm, 885
Xilinx,,
Stifel-Financial-Corp,/Reviews/Stifel-Financial-Reviews-E388861.htm, 228
Pool,/Reviews/Leslie-s-Swimming-Pool-Supplies-Reviews-E1707.htm, 322
G-III-Apparel-Group-Ltd,,
Kemper,/Reviews/Kemper-Reviews-E3676.htm, 276
EQT,/Reviews/EQT-Corporation-Reviews-E233.htm, 65
Nationstar-Mortgage-Holdings,/Reviews/Nationstar-Mortgage-Reviews-E17849.htm, 771
Columbia-Sportswear,,
inVentiv-Health,/Reviews/inVentiv-Health-Reviews-E9919.htm, 680
Hawaiian-Holdings,/Reviews/First-Hawaiian-Bank-Reviews-E17256.htm, 81
AptarGroup,/Reviews/AptarGroup-Reviews-E2310.htm, 60
Maxim-Integrated-Products,/Reviews/Maxim-Integrated-Reviews-E1624.htm, 676
Coca-Cola-Bottling-Co-Consolidated,/Reviews/Coca-Cola-Bottling-Co-Consolidated-Reviews-E1272.htm, 381
Vishay-Intertechnology,/Reviews/Vishay-Siliconix-Reviews-E706.htm, 83
Tetra-Tech,/Reviews/Tetra-Tech-Reviews-E1775.htm, 381
Teledyne-Technologies-Incorporated,/Reviews/Teledyne-Technologies-Reviews-E9818.htm, 278
Party-City-Holdco,,
Pinnacle-Entertainment,/Reviews/Pinnacle-Entertainment-Reviews-E1996.htm, 142
Trimble-Navigation-Limited,/Reviews/Trimble-Reviews-E2067.htm, 350
Penn-Mutual-Life-Insurance-Co,/Reviews/Penn-Mutual-Reviews-E2930.htm, 121
Sears-Hometown-and-Outlet-Stores,/Reviews/Sears-Hometown-and-Outlet-Stores-Reviews-E1048934.htm, 163
Tupperware-Brands,/Reviews/Tupperware-Reviews-E5798.htm, 113
Brocade-Communications-Systems,/Reviews/Brocade-Reviews-E9183.htm, 801
PerkinElmer,,
Wayfair,/Reviews/Wayfair-Reviews-E134525.htm, 893
Nu-Skin-Enterprises,/Reviews/Nu-Skin-Reviews-E6418.htm, 191
Amica-Mutual-Insurance-Co,/Reviews/Amica-Mutual-Reviews-E3666.htm, 236
Carpenter-Technology,,
Sinclair-Broadcast-Group,/Reviews/Sinclair-Broadcast-Group-Reviews-E4585.htm, 370
Twitter,/Reviews/Twitter-Reviews-E100569.htm, 639
Zions-Ban,,
Boyd-Gaming,/Reviews/Boyd-Gaming-Reviews-E2442.htm, 248
Akamai-Technologies,/Reviews/Akamai-Reviews-E9219.htm, 932
Prologis,/Reviews/Ultra-Electronics-Reviews-E16014.htm, 241
OGE-Energy-Corp,/Reviews/OGE-Energy-Reviews-E494.htm, 43
Outerwall,/Reviews/Outerwall-Reviews-E720169.htm, 127
OneMain-Holdings,/Reviews/OneMain-Reviews-E13598.htm, 473
Magellan-Midstream-Partners,/Reviews/Magellan-Midstream-Reviews-E12837.htm, 20
Knights-of-Columbus,/Reviews/Knights-of-Columbus-Reviews-E19051.htm, 118
Symetra-Financial,/Reviews/Symetra-Reviews-E37751.htm, 213
Hovnanian-Enterprises,/Reviews/K-Hovnanian-Homes-Reviews-E302945.htm, 157
Kirby,/Reviews/Kirby-Company-Reviews-E8726.htm, 144
Microchip-Technology-Incorporated,/Reviews/Microchip-Technology-Reviews-E2298.htm, 507
Herman-Miller,/Reviews/Herman-Miller-Reviews-E1485.htm, 212
Spirit-Airlines,/Reviews/Spirit-Airlines-Reviews-E13683.htm, 231
hhgregg,/Reviews/hhgregg-Reviews-E19487.htm, 1.2k
Popular,/Reviews/Banco-Popular-De-Puerto-Rico-Reviews-E264431.htm, 106
Waste-Connections,/Reviews/Waste-Connections-Reviews-E7903.htm, 125
Restoration-Hardware-Holdings,/Reviews/Restoration-Hardware-Reviews-E8200.htm, 593
Mueller-Industries,/Reviews/Mueller-Industries-Reviews-E823.htm, 36
TTM-Technologies,/Reviews/TTM-Technologies-Reviews-E12135.htm, 87
Werner-Enterprises,/Reviews/Werner-Enterprises-Reviews-E2034.htm, 403
Engility-Holdings,/Reviews/Engility-Reviews-E286019.htm, 385
NuStar-Energy,/Reviews/NuStar-Energy-Reviews-E12421.htm, 47
HB-Fuller,/Reviews/H-B-Fuller-Reviews-E1463.htm, 93
Vista-Outdoor,/Reviews/Vista-Outdoor-Reviews-E992811.htm, 49
On-Assignment,/Reviews/On-Assignment-Reviews-E733426.htm, 41
Verisk-Analytics,/Reviews/Verisk-Analytics-Reviews-E140233.htm, 173
Par-Pacific-Holdings,/Reviews/Par-Pacific-Holdings-Reviews-E1460669.htm, 2
Whiting-Petroleum,/Reviews/Whiting-Petroleum-Reviews-E20185.htm, 37
Waters,/Reviews/Nestlé-Waters-North-America-Reviews-E20686.htm, 452
Woodward,/Reviews/Woodward-Reviews-E6676.htm, 219
Stewart-Information-Services,/Reviews/Stewart-Title-Reviews-E19759.htm, 278
PharMerica,/Reviews/PharMerica-Reviews-E894.htm, 238
Wabash-National,/Reviews/Wabash-National-Reviews-E2009.htm, 54
Ferrellgas-Partners,/Reviews/Ferrellgas-Partners-Reviews-E3171.htm, 134
Dycom-Industries,/Reviews/Dycom-Reviews-E1351.htm, 50
Bio-Rad-Laboratories,/Reviews/Bio-Rad-Laboratories-Reviews-E789.htm, 429
QEP-Resources,/Reviews/QEP-Resources-Reviews-E24542.htm, 33
American-Greetings,,
VeriFone-Systems,/Reviews/Verifone-Reviews-E1495.htm, 359
Genesee-and-Wyoming,/Reviews/Genesee-and-Wyoming-Reviews-E6165.htm, 57
99-Cents-Only-Stores-LLC,/Reviews/99-Cents-Only-Reviews-E5975.htm, 290
Roadrunner-Transportation-Systems,/Reviews/Roadrunner-Transportation-Systems-Reviews-E26178.htm, 82
Super-Micro-Computer,/Reviews/Super-Micro-Computer-Inc-Supermicro-Reviews-E7993.htm, 215
First-Republic-Bank,,
Hill-Rom-Holdings,/Reviews/Hill-Rom-Reviews-E19740.htm, 270
Providence-Service,/Reviews/Providence-Service-Reviews-E15586.htm, 21
Allison-Transmission-Holdings,/Reviews/Allison-Transmission-Reviews-E40116.htm, 102
WPX-Energy,/Reviews/WPX-Energy-Reviews-E506427.htm, 44
Century-Aluminum,/Reviews/Century-Aluminum-Reviews-E5383.htm, 23
Primoris-Services,/Reviews/Primoris-Reviews-E229939.htm, 14
Schnitzer-Steel-Industries,/Reviews/Schnitzer-Steel-Reviews-E2475.htm, 113
Delta-Tucker-Holdings,,
Cenveo,/Reviews/Cenveo-Reviews-E4510.htm, 158
F5-Networks,/Reviews/F5-Networks-Reviews-E9222.htm, 584
BlueLinx-Holdings,/Reviews/BlueLinx-Reviews-E37540.htm, 100
Revlon,/Reviews/Revlon-Reviews-E5812.htm, 177
DeVry-Education-Group,/Reviews/DeVry-Education-Group-Reviews-E2073.htm, 434
MDC-Holdings,/Reviews/MDC-Holdings-Reviews-E3567.htm, 30
EP-Energy,/Reviews/EP-Energy-Reviews-E638570.htm, 48
New-York-Community-Bancorp,/Reviews/New-York-Community-Bancorp-Reviews-E2492.htm, 236
Portland-General-Electric,,
DCP-Midstream-Partners,/Reviews/DCP-Midstream-LP-Reviews-E113394.htm, 147
Briggs-and-Stratton,/Reviews/Briggs-and-Stratton-Reviews-E106.htm, 178
Berkshire-Hathaway,/Reviews/Berkshire-Hathaway-HomeServices-Reviews-E805672.htm, 263
ConAgra-Foods,/Reviews/Conagra-Brands-Reviews-E172.htm, 873
Twenty-First-Century-Fox,/Reviews/21st-Century-Fox-Reviews-E718979.htm, 36
AES,/Reviews/AES-Corporation-Reviews-E291.htm, 299
Estee-Lauder,/Reviews/Estée-Lauder-Companies-Reviews-E2785.htm, 960
Global-Partners,/Reviews/Global-Partners-Reviews-E2798.htm, 59
Western-Refining,/Reviews/Andeavor-Reviews-E1743656.htm, 13
Reliance-Steel-and-Aluminum-Co,/Reviews/Reliance-Steel-Reviews-E3693.htm, 28
UGI,/Reviews/UGI-Reviews-E684.htm, 19
Targa-Resources-Corp,/Reviews/Targa-Reviews-E42428.htm, 35
Hess,/Reviews/Hess-Corporation-Reviews-E30.htm, 304
American-Financial-Group,/Reviews/First-American-Reviews-E2526.htm, 681
Old-Republic-International,/Reviews/Old-Republic-Title-Reviews-E26813.htm, 73
Delek-US-Holdings,/Reviews/Delek-US-Reviews-E24268.htm, 33
Peabody-Energy,/Reviews/Peabody-Reviews-E8046.htm, 100
Seaboard,/Reviews/Seaboard-Transport-Reviews-E477833.htm, 31
Envision-Healthcare-Holdings,/Reviews/Envision-Healthcare-Reviews-E39449.htm, 54
Host-Hotels-and-Resorts,/Reviews/Host-Hotels-and-Resorts-Reviews-E305.htm, 8
Telephone-and-Data-Systems,/Reviews/TDS-Reviews-E1033.htm, 41
Fortune-Brands-Home-and-Security,/Reviews/Fortune-Brands-Home-and-Security-Reviews-E31.htm, 14
MDU-Resources-Group,/Reviews/MDU-Resources-Reviews-E419.htm, 13
CF-Industries-Holdings,/Reviews/CF-Industries-Reviews-E2744.htm, 66
Calumet-Specialty-Products-Partners,/Reviews/Calumet-Specialty-Products-Reviews-E40152.htm, 47
Brunswick,/Reviews/Brunswick-Reviews-E111.htm, 70
Silgan-Holdings,/Reviews/Silgan-Containers-Reviews-E19393.htm, 93
CalAtlantic-Group,/Reviews/CalAtlantic-Homes-Reviews-E1151884.htm, 25
Pinnacle-West-Capital,/Reviews/Pinnacle-West-Reviews-E534.htm, 15
Moody's,/Reviews/Intertek-Reviews-E15251.htm, 615
Sprague-Resources,/Reviews/Sprague-Energy-Reviews-E40202.htm, 10
Darling-Ingredients,/Reviews/Darling-International-Reviews-E2759.htm, 52
Hubbell-Incorporated,/Reviews/Coldwell-Banker-Reviews-E13952.htm, 654
Diplomat-Pharmacy,/Reviews/Diplomat-Specialty-Pharmacy-Reviews-E354674.htm, 87
Cooper-Standard-Holdings,/Reviews/Cooper-Standard-Automotive-Reviews-E13563.htm, 99
Helmerich-and-Payne,/Reviews/Helmerich-and-Payne-Reviews-E23254.htm, 94
Carter's,/Reviews/Carter-s-Reviews-E6540.htm, 684
Carlyle-Group,/Reviews/The-Carlyle-Group-Reviews-E3670.htm, 97
Northern-Tier-Energy,/Reviews/Andeavor-Reviews-E1743656.htm, 13
Service-International,/Reviews/Service-Corporation-International-Reviews-E594.htm, 547
Universal-Forest-Products,/Reviews/Universal-Forest-Products-Reviews-E2368.htm, 72
PriceSmart,/Reviews/PriceSmart-Reviews-E7189.htm, 20
Superior-Energy-Services,/Reviews/Superior-Energy-Reviews-E1698.htm, 98
Hain-Celestial-Group,/Reviews/Hain-Celestial-Reviews-E4604.htm, 100
Continental-Resources,/Reviews/Continental-Resources-Oklahoma-Reviews-E40790.htm, 35
